DATE,NKCTF,NK_I,NK_II,NK_III,NSCTF,SSCTF,SOBCTF,BECHRAJI,SOBCTF_R,BECHRAJI_R,GGSLINE_R,PH,NGM_LAB,NGM_MFM,REMARKS
21-04-2007,0,0,0,0,0,0,0,0,2.8,21,10.6,4.8,4.7,4.9,
22-04-2007,6.3,1.6,2.2,2.2,4.8,4.4,8.6,4.5,3.8,29,10.7,3.1,6.3,7,
23-04-2007,5.4,4.2,3.2,4.1,2.5,5.7,5.8,19.8,3.2,15.5,10.8,3,5.3,,
24-04-2007,6.2,3.4,4,5.1,4.4,6,1.8,6,3.2,17.8,10.7,4.9,2.8,1.4,
25-04-2007,5.2,2.6,2.7,6.4,3.7,3.1,3.6,22,2.6,21.2,13.4,4,5.8,2.9,
26-04-2007,6.7,6.3,3.4,3.1,2.5,5.7,6.4,20.3,6,16,12.4,7.5,4.2,1.4,
27-04-2007,7.8,1,2,4.3,3.2,29,3.1,15.2,2.6,20.1,16.7,5.8,7.1,6,
28-04-2007,0,0,0,0,0,0,0,0,4.3,34.8,21.8,9.8,6.2,5.1,
29-04-2007,6.6,1.3,4.8,2.9,4.7,8.4,2.4,8.1,4.3,24.9,16.5,6.2,8.9,0,
30-04-2007,6.2,3.2,4.8,2.4,4.7,2.3,2.5,6.8,3.9,24,11.7,8.4,6,6.7,
01-05-2007,8.5,2.7,3,3.3,1.4,4,1.7,12.6,2.8,24,17.4,5.8,7.4,6,
02-05-2007,7,1,3.6,5.2,3.4,6.4,1.9,7.2,3.5,15,10.5,6.6,5,4.3,
03-05-2007,5.8,1.5,3.1,3.5,1.9,2.8,3.5,2.5,2.4,20,9.8,5.5,6.1,7.2,
04-05-2007,6.8,1.2,4.2,3.6,6.8,6.2,4.4,1.9,3.4,38.4,13,7.7,0,0,
05-05-2007,0,0,0,0,0,0,0,0,2.4,38,10.2,3.5,7.4,7,
06-05-2007,5.1,2,2.8,2.5,6.2,1.7,10.1,4.3,4.3,0,8.9,3.8,5.5,3.7,
07-05-2007,5,1.8,0,1.7,1,10.4,5.4,3.7,5.6,0,8.9,5.4,2.6,1.4,
08-05-2007,4.8,1.7,2.7,1.3,1.1,3.9,3.7,4.3,4.7,0,9.3,3.8,0,0,
09-05-2007,5.8,0.6,1.7,4,1.6,1.3,2.8,2.9,2.8,19.9,8.7,4.6,0,0,
10-05-2007,5.6,1,3,1.7,1,4,3,0,9.4,14,8.5,5.5,6.3,2.2,
11-05-2007,4.1,1,5,4.3,1.4,2.6,2.9,1.5,2.7,0,9.5,5.4,0,0,
12-05-2007,0,0,0,0,0,0,0,0,4,24,11,3.6,4.3,4.6,
13-05-2007,4.4,2,3.2,1,0.6,1,2.9,0.9,7,0,10,3.2,3.7,3.8,
14-05-2007,3.1,1.6,3,3.6,0.3,3.1,3.4,3.9,3.6,17.7,8.9,2.6,0,3.3,
15-05-2007,4.6,1.4,2.8,1.9,1.5,0.7,3.1,5.1,2.3,30.2,13.5,3.6,1.7,0.6,
16-05-2007,4,2.8,3.5,2,1.9,0.6,3.3,1.7,10.4,14.4,10.3,3.5,3.5,0.1,
17-05-2007,3.8,2.8,4.8,2.8,1.3,1,3.3,1.8,4.7,28,11.1,4.5,6,0.7,
18-05-2007,4,0,7.2,2.8,6.7,1.3,3.7,1.6,9.3,18.8,8.5,4.2,3.8,2.8,
19-05-2007,0,0,0,0,0,0,0,0,8,20.5,10,4.4,5.2,4.1,
20-05-2007,3.5,2,4,2,1.9,1.5,3.6,2.5,6.6,16.2,9.2,4,4.9,1.5,
21-05-2007,4.1,3.9,2.9,3.3,3.8,1.1,6.1,1.1,9.1,18.2,10,5.1,4.6,0,
22-05-2007,4.6,3.1,2.4,2.7,4.2,1,7.3,1.8,4.9,18,9.8,4.1,5,2.2,
23-05-2007,4,1.1,2.6,2,1.1,1.1,4.3,1.2,5.2,22,8.7,4.3,4,0.7,
24-05-2007,4.4,3.6,2.3,5.2,1.3,0.3,6,0.7,3.6,10,8.9,4.3,5.7,2.7,
25-05-2007,4.4,2.7,3.1,3.8,0.7,0.2,3.8,1.6,3.5,24.8,9.2,4,4.6,2.7,
26-05-2007,0,0,0,0,0,0,0,0,3.8,15.8,9.8,4.4,0,1.7,
27-05-2007,4.6,2,3.4,2.2,0.4,0.2,5.4,0.7,3.7,21.4,10.2,3.4,0,1.2,
28-05-2007,3.7,3.7,4.4,5.7,0.3,0.3,5.6,2.5,4.4,19.3,9.4,4.1,3.2,1,
29-05-2007,3.5,3.6,1.7,3.6,1.3,0.2,4.8,1,3.4,18.6,8.9,2.7,4.2,2.5,
30-05-2007,5.7,2.4,2.3,3.8,0.2,2.9,4.3,1.8,3.8,14.2,8.8,3.1,2.5,1.7,
31-05-2007,5,3,4.5,3.6,2.4,0.3,4.9,0.8,2.8,12,6.9,2.6,4.1,0.3,
01-06-2007,4.8,3.2,3.5,2.4,0.2,2.2,4.4,3.6,3.8,11.7,8.4,3.8,2.1,0.1,
02-06-2007,0,0,0,0,0,0,0,0,3.5,14,6.9,2.3,3.5,1.1,
03-06-2007,5.7,3.5,3.7,2,0.6,0.2,5.3,5.4,5.8,16,9.5,1.9,2.4,1.9,
04-06-2007,4,4.6,3.2,3.5,0.4,1.5,4.5,3.4,3.1,17.2,8.3,2.3,1.3,0,
05-06-2007,4.4,4.4,3.1,2.1,0.7,0.3,3.9,3.3,3.1,16,8,2.4,1.4,0.1,
06-06-2007,4.1,3.6,3.3,3.9,6.1,0.2,5.1,2,2.8,18.8,8.5,1.7,0,0,
07-06-2007,5.6,4.4,4,5.3,4.3,2.1,2.8,1.4,4,12.2,7.7,3.6,0,0,
08-06-2007,0,0,0,4,0.3,0,2.7,1.1,2.6,12.1,20.2,1.6,3.3,0.3,
09-06-2007,0,0,0,0,0,0,0,0,2.8,11.5,8.9,1.5,1.9,0.01,
10-06-2007,4.5,3,4.4,1.5,3,0.3,2.3,1.4,2.8,15.9,9.5,2.2,1.8,0,
11-06-2007,4.7,4.8,5,1.9,1.4,0.8,1.6,1.7,2.9,20,10.7,3.2,3.1,0.3,
12-06-2007,5.1,5.4,9.2,1.6,6.4,3.2,2.4,1.9,3.4,10.6,8.4,4.2,3.3,0.6,
13-06-2007,4.2,3,5.5,1.9,2.4,1.5,3,2.8,2.6,19.4,11.4,3,5.6,3,
14-06-2007,5.9,3,5.8,4.6,2.1,2.6,1.4,3.7,2.5,12.9,8,1.8,5.8,1.3,
15-06-2007,5.9,2.9,5.8,1.9,3,1.4,1.7,7.5,4,19.1,9.2,2.7,2.6,9.7,
16-06-2007,0,0,0,0,0,0,0,0,3,14,10.7,4.1,2.4,0.6,
17-06-2007,5.3,2.4,4.9,1.7,2.7,2.2,1.3,8.6,3.7,9.2,9.2,3.3,5.2,1.8,
18-06-2007,5.1,1.3,4.1,1.7,5.3,1.6,1.5,11.7,2.7,16,10.8,3.1,5.6,1.8,
19-06-2007,2.7,2,2.8,2,4.8,0.4,1.5,10.8,2.9,14,10.1,2.4,4,1.8,
20-06-2007,3.7,2,3.7,5,1.2,2.4,2.3,6.3,4,14.3,9.5,3,3.4,0.5,
21-06-2007,3.6,2.8,2.7,3.6,3.7,0.6,1.7,7,3.5,14.1,9.3,3.4,2.9,1,
22-06-2007,5,3,4.6,0,1.7,2.3,1.5,6.8,4,15,7.3,3.2,4.5,0,
23-06-2007,0,0,0,0,0,0,0,0,3.8,15.3,8.2,2.8,4.2,4.8,
24-06-2007,4.4,1.3,3.8,1,1.4,1.3,4.3,16,2.9,15,9,2.9,1.9,1.2,
25-06-2007,4.3,2.4,2.8,1.6,0.6,2.4,4.2,5.3,3.7,15.1,8.1,2.7,2.8,1.9,
26-06-2007,4.1,1.6,2.4,1.7,1.4,0.7,3.3,7.8,2.3,26,8.1,2.3,5.7,4.4,
27-06-2007,5,2,4.9,1.7,1.5,1.4,2.9,4.2,3.6,32,10.4,1.6,2.2,0.4,
28-06-2007,4.1,1.7,3,3.1,3,3,2.9,5.6,3.8,9.1,10.6,1.5,1.1,0.4,
29-06-2007,3.1,1.4,3,4.5,2.1,1.7,2.3,6.1,3.1,14,8.8,2.2,0.9,0,
30-06-2007,0,0,0,0,0,0,0,0,3,10,7.4,2.3,2.7,0.7,
01-07-2007,3.9,1,3.8,0,2.8,1.8,2.3,11.7,2.7,0,7.4,2.2,2.2,0.4,
02-07-2007,5.7,1.4,1.7,1,1,0.8,1.5,0,2.8,19.3,7.8,2.1,0.8,0,
03-07-2007,5.9,2.8,2.8,4.1,3.6,3,3.2,1.1,4.4,8.5,10.5,2.6,1.1,0.07,
04-07-2007,3.9,4.4,3,3,3.3,5.1,2.8,2.5,9.2,8.9,2.4,1.4,0.2,0,
05-07-2007,3.7,1.4,2.8,2.1,1,2.2,2.4,6.5,1.8,19,8.7,2.2,1.8,0.4,
06-07-2007,3.3,1,4,5.9,4.2,3.6,2.4,9.2,3.1,12.8,8.6,2,1.9,0.5,
07-07-2007,0,0,0,0,0,0,0,0,2.9,13.5,10,2.7,2,0,
08-07-2007,5.9,1.4,2.8,3,3.8,0.9,3.1,17.8,3.8,24,7.9,2.8,5.2,0.7,
09-07-2007,5.7,2.2,1.8,4.8,4.9,0.2,3.6,23.8,6.6,15.2,9.4,3.8,3.8,0.7,
10-07-2007,4.7,1.3,2.8,5,6.4,3.3,2.6,0,2.9,7,8.2,2.5,0,0,
11-07-2007,4.4,1.2,3.1,3.7,7.5,2.3,3.5,21.9,4.1,17,9.4,1.5,3.1,0.4,
12-07-2007,10.9,1.5,1.5,2.8,4.6,1.4,3.3,16.3,3.3,10.8,14.8,2.3,4.5,2.7,
13-07-2007,3.6,2,1.5,1.3,6.8,4.5,3.6,20.1,6,32.4,10.7,3.6,3.7,2.8,
14-07-2007,0,0,0,0,0,0,0,0,3.8,13.3,11.7,2.9,3.2,1,
15-07-2007,3.2,1.7,3.1,2.3,3,1.1,2,38.7,2.9,21,11.8,5.3,3.2,3.9,
16-07-2007,2.3,2.3,1.8,3.2,5.3,9.2,3.4,9.4,3.4,10.2,10.3,4.5,6.2,4.8,
17-07-2007,1.8,2,2.2,3.5,1.8,2.4,3.5,18.8,5,16.9,9.2,4,3.7,1.3,
18-07-2007,4.9,2,2.3,2.8,1.5,4.2,2.9,9.4,4.2,23.3,8,2.9,3.9,2,
19-07-2007,1.4,2.1,1.5,1.9,3.6,0.8,2.8,21.5,2.5,28,8.5,5,3.5,2.5,
20-07-2007,1.4,2.2,1.8,1.6,5.3,2,2.5,5.3,4.9,23.2,8.2,3.4,3,2,
21-07-2007,0,0,0,0,0,0,0,0,3.5,29.6,10.8,2.6,2.4,1.1,
22-07-2007,2.3,1.4,2.4,1.3,7.6,1.7,3.1,7,3,8.5,11,2.2,2.8,4.2,
23-07-2007,1.4,1.8,1.8,1.3,2.4,1.6,2,14,3.3,14.8,9.4,4.2,1.7,1.1,
24-07-2007,3.5,2,1,1.3,1.3,2.5,2.1,10,2.4,8.6,7.5,2.7,4,1.3,
25-07-2007,4,2.4,1.6,0.8,2.6,3.1,2.9,9.4,2.6,0,7.6,2.7,2.4,0.4,
26-07-2007,5.5,1.5,2.7,1,1.3,2.9,3,11.8,2.4,7.7,7.4,2.9,3,3,
27-07-2007,4.1,1.2,2.5,2,0.9,0.6,2.6,11.7,3.4,24,10.7,1.8,2.2,1,
28-07-2007,0,0,0,0,0,0,0,0,3.7,30,8.7,2.2,2.3,0,
29-07-2007,3.2,1.3,2.6,1.5,2.1,3.3,2.9,8.9,3.4,40,10,2.3,2.1,0,
30-07-2007,2.8,1.5,2.4,1.1,1,0.7,3.1,8.1,3.8,12,10,2.4,2.2,0,
31-07-2007,4.1,1.7,1.8,1.2,2.9,3.8,3,7.2,4.1,13,9.1,1.9,1.8,2,
01-08-2007,5.3,1.6,1.6,1.9,4.2,3.8,5.1,18,2.7,24,8.4,3.3,2.3,2.9,
02-08-2007,3.4,1.6,1.9,3.2,2.3,1.4,4.2,11.9,3.9,32,8,2.6,2.2,2,
03-08-2007,4,3.5,1.7,3,1.5,6.2,3.3,0,3.4,0,8.5,2.9,2.7,0.9,
04-08-2007,0,0,0,0,0,0,0,0,2.8,25.4,9.2,1.7,2.3,0.4,
05-08-2007,6.2,1,2.4,1.5,1.6,1,3.3,5.6,2.7,23.3,8.4,1.7,2.2,0.6,
06-08-2007,5.4,1.2,1.5,0.7,1.9,1.1,3.1,7.7,2.6,23,8.1,2.9,1.2,0,
07-08-2007,3.3,1.6,3,1.4,4.2,3.7,3.6,0,0,0,0,2.4,2.3,0,
08-08-2007,4.5,1.3,2.5,1.7,0,2.5,4.3,0,2.7,10.4,8,2.6,3.2,0,
09-08-2007,5,2.8,2.1,1.1,2.7,3.6,5.5,13,4.1,13.5,8,3.2,2.9,0,
10-08-2007,2.9,1.5,1.7,0,3.2,1.7,4.9,1.1,3.3,15.2,7.5,3.8,3,1.6,
11-08-2007,0,0,0,0,0,0,0,0,3.4,19,8.9,3.6,3.3,2.2,
12-08-2007,3.1,2,2,2,4,2.1,4.8,14.1,4.2,13.7,8.4,3.9,2.7,0.7,
13-08-2007,4.8,2.3,2.1,0.8,2.3,2.2,2.2,15,3.7,15.7,9.5,2.6,2.5,0.7,
14-08-2007,0,0,0,0,0,0,0,0,0,0,0,0,0,0,
15-08-2007,2.6,2.4,2.8,1.6,3.1,3,3.5,8.4,2.7,14.7,9.4,2.9,3.2,1.1,
16-08-2007,4.3,1,1.8,1.3,3,2.4,3.7,0,4.2,19.4,10.5,3.3,2.9,2.9,
17-08-2007,3.9,1.1,2.2,0,1.8,3,3.5,9.1,2.2,15.2,6.4,3,2.2,0,
18-08-2007,0,0,0,0,0,0,0,0,2.5,14,7.9,2.3,1.4,2.5,
19-08-2007,2.3,1.8,2.8,2.3,1,0.9,3.2,8.6,2.4,17.6,11.5,1.8,1.9,0.4,
20-08-2007,0,0,0,0,0,0,0,0,0,0,0,0,0,0,
21-08-2007,0,0,0,0,0,0,0,0,0,0,0,0,0,0,
22-08-2007,0,0,0,0,0,0,0,0,0,0,0,0,0,0,
23-08-2007,0,0,0,0,0,0,0,0,0,0,0,0,0,0,
25-08-2007,0,0,0,0,0,0,0,0,2.9,16.6,8.7,1.5,2.2,3,
26-08-2007,0,0,0,0,0,0,0,0,0,0,0,0,0,0,
27-08-2007,0,0,0,0,0,0,0,0,0,0,0,0,0,0,
28-08-2007,0,0,0,0,0,0,0,0,0,0,0,0,0,0,
29-08-2007,0,0,0,0,0,0,0,0,0,0,0,0,0,0,
30-08-2007,0,0,0,0,0,0,0,0,0,0,0,0,0,0,
31-08-2007,0,0,0,0,0,0,0,0,0,0,0,0,0,0,
01-09-2007,0,0,0,0,0,0,0,0,2.6,16,9.5,2.4,3.1,1.7,
02-09-2007,0,0,0,0,0,0,0,0,0,0,0,0,0,0,
15-11-2004,5.2,2.1,2.3,3.8,9.6,7.5,1.9,7.8,3.7,3.9,7.3,2.7,2.6,3.5,
16-11-2004,5.3,2.1,2.6,4.6,5.6,6.2,1.2,7.2,2.5,3.9,6.7,3.2,4.3,5.5,
17-11-2004,5.1,3.5,3.1,3.6,12.1,10.7,1.6,,2.5,3.5,8.5,3.3,2.2,5.2,
18-11-2004,3,3.1,2.7,4,5.8,4.9,1.2,7.6,2.6,3.6,7.2,2.7,2.7,4.6,
19-11-2004,3.4,3.7,3.8,3.7,6,8.1,1.8,9.8,3,3.5,6.6,2.6,2.8,3.8,
21-11-2004,5.8,2.4,3,4.3,4.7,8.9,1.9,21,3.2,3.7,13.2,2.8,3,5,
22-11-2004,4,5.6,2.9,4.4,6.1,6.9,1.4,13.7,2.3,3.5,8.3,3.2,4.7,4.8,
23-11-2004,3.5,3.8,4.6,3.7,4.1,7.3,1.2,10.7,3,9,11,4.2,6.2,9.2,
24-11-2004,5.4,3.4,4.9,2.8,4.4,6.4,1.6,9.8,2.6,4.2,7,4.2,4.3,,
25-11-2004,6.9,3.6,5.7,2.9,7.8,11.1,3.3,6,2.4,3.3,11.8,,5.9,8.6,
26-11-2004,4.2,3.2,5.3,3.8,8.2,15.2,2,15.2,3.3,6,11.5,9.5,2.5,4.4,
28-11-2004,4.1,2.2,2.4,4.3,21,8.4,2.3,,2.8,3.3,10.7,3.3,,,
29-11-2004,3.6,3.7,2.5,3.3,7.4,7.8,2.8,3.9,3.5,12.9,12.3,2.2,2.3,5.9,
30-11-2004,9.3,3.6,2.4,1.9,8.3,6.8,2.3,5.6,3.5,3.5,9.9,4.2,1.9,3.8,
01-12-2004,7.5,2.8,2.4,2.1,7,7.3,2.2,5,3,3.2,10.5,7.5,,,
02-12-2004,4.4,3.6,2.2,2.6,4.6,11.3,3.3,5.6,2.9,4.2,10.3,3.2,5.9,7.4,
03-12-2004,6.8,3.8,2.6,2.2,6.1,8,3.5,9.3,3.1,3.4,8.9,3.9,3.2,5.4,
05-12-2004,2.8,2.7,3,2,3.5,17.6,7.9,3.6,2.9,3.6,7.7,8.8,4.6,10.7,
06-12-2004,4.8,3.9,3,4.8,4.3,18.2,2.5,8.1,4.4,3.1,9.8,7.3,5.8,,
07-12-2004,5.5,5.1,3.2,1,3,11.6,3.5,4.5,2.5,3.6,9.1,5.9,5.4,,
08-12-2004,2.7,3.8,3.2,5.9,2.3,9.9,2.7,4.4,3.7,3,8,3.5,,,
09-12-2004,1.9,5.6,2.9,4.6,2.9,13,3.8,4.2,2.8,3,6.8,3.4,3,,
10-12-2004,4,2.7,2.8,4.4,3.1,19.8,1.5,3.8,2.3,3.6,7.9,2,3.3,,
12-12-2004,4.1,2.4,3.4,4.4,4.4,14.4,1,5.4,2.5,3,10.4,5.8,2.4,,
13-12-2004,11.7,2.9,2.3,3.5,2.6,10.5,3.4,4.8,2.3,3.5,13.2,6.1,3.8,,
14-12-2004,6.1,3.2,2.8,6.2,2.8,14.7,3.6,8.4,2.5,4.7,9.4,4.8,5.6,,
15-12-2004,2.5,3.4,2.5,4.4,3,15.2,3.5,4.6,2.6,3.1,8.9,6.4,4,,
16-12-2004,4.2,3.2,2.2,4,4.9,14.1,2.2,7.2,2.2,5.8,8.4,6.2,,,
17-12-2004,2.3,3.3,2.1,5.9,4.3,13.5,3.1,6.2,2.4,3.4,10,,,,
19-12-2004,3.3,2.9,2.4,5.4,2.9,15.3,1.5,11.3,2,3.9,10,8.9,,,
06-09-2006,6.9,2,2.2,2.8,3.7,5.6,0.8,4.2,3.8,7.7,10.1,4.5,3.5,0.9,
07-09-2006,7.3,2,2.5,2.2,4.9,5.8,0.6,4.6,2.7,3.9,10.4,3.7,5.9,0.9,
08-09-2006,7.5,1.9,3,2.7,4.2,3.5,0.93,6.7,2.7,6.1,14.4,2.9,3.3,1.4,
09-09-2006,4.2,2.5,2.7,4,5.2,4.7,0.8,8.3,2.7,7.2,11.6,6,2.2,0.9,
10-09-2006,4,3.7,2.1,3.1,3,3.7,0.9,4.8,1.8,6.2,11.6,3.8,5.4,2.5,
11-09-2006,6.9,1.7,1.9,5.1,1.9,8.3,0.6,1,2.8,7.5,8.5,3.8,4.6,2.5,
12-09-2006,3.4,1.7,1.2,2.5,2,2.4,0.7,,2.01,9.08,7.18,2.82,3.3,0.8,
13-09-2006,5.2,1.4,1.3,1.6,2.7,3.2,1.34,0.7,3.2,8.9,14.5,3.13,2.3,1.8,
14-09-2006,5,2,1.5,3.5,1.6,3.5,1,4.7,4.95,6.2,10,4,3.7,0.8,
15-09-2006,3.3,1.1,1,2.3,1.3,1.7,1.7,2.1,2,5.4,6.96,4.8,3.4,1.9,
09-08-2004,3.3,1.2,2,3.8,11.3,1.5,2.7,,3.3,5.2,8.7,3,3.1,1,
10-08-2004,3.6,1.4,2.6,2.1,6.7,12,5.1,3.3,3,3,5.6,3.8,3.2,0.9,
11-08-2004,3.6,1.2,2.9,,6.6,9,4.2,6.1,6.6,6.1,6.8,5,3.7,0.5,
12-08-2004,3.6,1.7,3.6,3.5,2.1,5.3,3.3,21.4,4.1,3.4,12.4,4.6,4.9,2.1,
13-08-2004,3.6,1.5,2.9,1,7.7,5.2,2.7,9.9,5.1,5,9,5.2,4.8,1.6,
15-08-2004,3.6,2,2,2.1,4.3,8,2.7,5.6,2.4,2.8,6.9,4.8,5.7,2.6,
16-08-2004,2.3,1.4,2.3,1.2,5.7,6.2,2.5,4,3.3,3.1,5.7,4.6,2.8,6.2,
17-08-2004,2.4,1.8,1.8,2.7,9.4,0.5,1.9,3.8,3.2,3.1,7.1,4,5.9,6.3,
18-08-2004,2.3,1.6,1.9,0.8,4.6,0.7,1.9,5.5,2.1,3.4,6.1,3.7,3.8,3.1,
19-08-2004,2.3,1.6,1.9,1.1,3,,8.5,,3.1,2.9,6.7,4.8,3.7,2.8,
20-08-2004,3.3,1.5,2.4,1.3,3,5.7,4.3,1.2,3.8,2.8,9.1,3.9,4.1,3.5,
22-08-2004,2,2,2,2.1,4.1,2.9,2.1,3.1,,2.7,4.9,3.5,3,0.7,
23-08-2004,3,1.3,3.7,1.1,1.1,1.8,1.2,3.9,2.2,3.3,5.3,3.6,4,2.1,
24-08-2004,10.4,1.6,5.2,2.9,1.7,4.5,1.6,3.4,3,3,6.9,3,3.1,0.5,
25-08-2004,5,2,6.6,2.5,3.4,6.8,1.7,1.9,3,3.2,5.7,3.4,2.4,,
26-08-2004,3.4,1.8,2.1,1.6,2.8,2.2,1.7,3.1,2.7,2.8,7.7,4.1,3.2,0.5,
27-08-2004,3.8,2,2.8,1.5,2.4,3.3,1.1,3.2,2.5,2.8,6.8,3.5,3.8,2,
29-08-2004,2.8,2.1,2.5,1.1,3.9,7.4,1.2,4.6,2.4,2.6,9,3.3,3.1,1,
30-08-2004,2.5,1.6,3.3,0.8,4.4,8.8,0.8,5.4,1.8,3.1,6.6,3.6,2.8,1.2,
31-08-2004,4,1.5,3.4,1,7.4,2.9,1.1,3.9,2.6,3.7,6.4,5.3,3.4,1.4,
01-09-2004,3,1.4,2.8,1,3,3,1.4,4.4,2.2,3.5,5.8,3.5,4.9,3,
02-09-2004,2.7,1.9,2.3,1.3,4,1.3,1.6,10.2,2.6,2.6,5.9,3.3,2.9,2.5,
03-09-2004,3.4,1.2,3.1,1.6,4.3,0.8,1.9,,2.5,3.6,5.2,3.2,2.5,3.7,
05-09-2004,2.8,2,1.9,1.7,3.7,2.3,1.4,7.3,2,3.8,5.1,2.8,2.2,1.2,
07-09-2004,3.2,1.3,2.4,1.8,2.5,5.9,1.1,,1.7,4,8.1,2.5,2.3,1.3,
08-09-2004,6.6,1.2,2.7,1.5,8,6,1.9,8.6,3,1.9,7.5,3.1,2,0.1,
09-09-2004,3.3,2,2.2,1.4,6.1,5.1,1.4,14.5,1.8,2.6,6.6,2.6,3,2.4,
10-09-2004,3,1.7,2.7,1.4,3,2.7,1.8,6.9,2.2,3.2,5.9,2.6,2.3,1.5,
12-09-2004,2.2,2.4,1.2,1.7,5.5,6.7,1.8,12.7,2.5,3,5.8,2.9,2.9,1,
13-09-2004,3.9,1.8,2.5,1.7,1.2,6.3,1.3,21.7,2.4,3.4,7.8,4.3,2.7,3.2,
14-09-2004,3,1.7,3.4,1.2,3.2,3.5,1.7,3.7,2.3,2.1,5.8,3.8,3.6,2.5,
15-09-2004,4,1.5,2.4,1.5,2.9,2.6,1.9,,2.3,3.1,6.5,2.8,3.4,2.2,
16-09-2004,6.5,1.7,2.5,1.8,5,4.7,1.1,11.7,2.3,3.9,6.7,3.5,2.3,0.1,
17-09-2004,5.6,3.7,1.7,1.9,11.9,9.6,1.3,9.2,2,4,8.4,2.8,3.4,1.5,
19-09-2004,3.9,2.8,2.5,2.4,2.2,4.8,1,6.1,2.6,3,6.2,3.1,2.6,0.7,
20-09-2004,3.5,4.4,1.7,2.8,2.4,5.9,1,6.7,2.2,2.2,4.6,2.5,2.4,0.8,
21-09-2004,3.7,2,2.5,2.4,3.8,6.2,1.1,10.2,1.6,2.9,6.1,2.6,2.1,0.4,
22-09-2004,3.9,1.4,2.7,1.2,2.5,3.8,1.7,7,1.5,2,4,2.5,2,0.3,
23-09-2004,4.5,1.6,3.5,2.3,1.9,2.3,0.8,3.7,2,4.5,6.6,2.4,2,1.1,
24-09-2004,4.1,1.8,3.1,2.3,3.1,1.9,1.7,7.9,1.7,2.9,5.3,2.9,2.2,0.8,
26-09-2004,3.9,2.4,2.8,1.7,3.1,5,1.8,10.2,2.3,3.3,6.1,2.6,2,0.1,
27-09-2004,3.1,1.6,2.5,2.2,1.9,1.3,0.8,15.7,2.6,2.4,5,3,2.2,0.1,
28-09-2004,5.9,1.5,2.9,1.4,2.8,4.7,1,14.2,1.8,2,7.7,3,2.5,0.4,
29-09-2004,3.4,1.5,2.8,1.5,2.8,1,3.1,10.6,2.3,6.3,4.8,2.8,,,
30-09-2004,3.5,1.8,2.7,1.2,3.7,3.7,2,5.9,2.1,2.9,5.3,2.8,2,0.7,
01-10-2004,3.7,1.6,2.9,2.1,2.7,3.6,1.2,5.6,2.1,3.3,5.7,2.3,2.5,0.7,
03-10-2004,4.8,2.4,2,2.3,2.5,1.2,1.9,7.8,1.9,3.3,7,2.9,1.9,0.3,
04-10-2004,15.8,1.5,1.5,2.5,3.3,1.5,2,2.5,3.3,5.7,9.7,2.1,1.8,0.6,
05-10-2004,5.6,1.5,3.2,2.6,2.5,1.3,2.2,9.2,4.8,2.6,8.4,2.5,1.9,1.3,
06-10-2004,3,1.8,1.8,2.3,1.9,1.5,3.1,9.5,2.8,2.9,6.3,3.3,2.9,0.2,
07-10-2004,4.1,1.7,2.7,2.4,3.7,1.3,2,11.2,3.3,3.6,7.6,2.7,3.1,0.05,
08-10-2004,4.1,1.6,3.4,2.6,2,1.8,2,13.5,2.6,2.7,5.3,2.4,2.1,0.1,
10-10-2004,3.1,2.4,2.7,2.9,6.8,3,1.7,8.9,2.6,3.3,6.2,3.5,2,0.7,
11-10-2004,6.7,1.8,2.2,3,2.2,2.4,1.4,12,2.4,2.9,5.9,2.8,3.4,0.4,
12-10-2004,4.6,1.8,2.4,2.7,4.9,4,1.4,5.1,2.7,3.1,6.2,2.7,2.2,0.2,
13-10-2004,3.3,2,2.2,2.6,2.2,2.4,1.8,7.2,2.8,3,5.8,3.3,3.1,1.1,
14-10-2004,4,1.8,1.7,2.7,4.4,7.5,3.2,5.7,2.4,3.6,6.8,3.1,2.8,1.1,
15-10-2004,3.4,1.4,3.4,1.9,4.6,3.7,2.8,,2.4,3.8,4.8,2.6,2.6,0.1,
17-10-2004,2.4,2.1,2.4,2.2,5.2,6.4,1.4,8.4,1.7,3,6.9,3.7,2.5,0.2,
18-10-2004,3.9,2,3.1,4,3.3,5,2.1,13.9,1.9,3.7,5,3.3,,,
19-10-2004,13.3,1.7,1.9,2.4,4.2,3.5,1.8,12.7,1.7,2.8,5.4,4.4,3,3.3,
20-10-2004,2.3,2.6,2.4,2.6,5.1,4.5,1.6,12,2.4,3.2,5,2.2,3.4,1.6,
24-10-2004,3.7,2,1.5,2.9,3.5,3.7,1.4,7.6,2,3.3,7.6,2.6,3.3,1.4,
25-10-2004,7.2,2.1,3,3.1,5.3,5.6,1.6,6.3,2.5,3,6.4,2.7,2.1,,
26-10-2004,6.6,2.1,2.2,2.9,3.9,4,1.7,8.4,3.1,4.4,6.8,4,3,,
27-10-2004,8.6,2.4,2.5,3,5.6,4.8,1.7,20.2,2.9,4.2,7.1,3.3,,,
28-10-2004,7.7,3.3,2.1,2.2,2.8,8.8,2,8.8,3.2,2.7,9.7,2.4,,,
29-10-2004,5.6,2.9,2.5,1.9,2.5,2.4,1.4,6.8,2.5,3.8,6,,,,
31-10-2004,2.6,3.2,2.4,3.1,2.9,6.6,2.4,7.7,1.9,3.4,5.8,3.8,3.2,,
01-11-2004,4.7,2.7,2.3,2.4,3.5,8.2,2.1,6.4,3.7,3.2,6.7,5,3.1,5.8,
02-11-2004,5.6,3,2.8,1.9,3.9,26.8,2.1,7.3,2.7,3.1,8.2,5.4,3.9,5.4,
03-11-2004,5.4,2.6,1.5,2.2,5.1,20.7,2.6,14,2.4,3.3,11.1,3.7,4.2,6.2,
04-11-2004,9.4,3.3,2.7,2.8,3.5,25.7,2,5.6,2.6,2.2,11,4,5.5,3.5,
05-11-2004,6.6,2.5,3.1,2.8,5.3,4.4,4.4,,3.6,2.9,6.5,3.6,3.6,5.8,
07-11-2004,4.3,2.7,,3.1,8.3,3.2,3.3,18.2,2.3,4,7.5,4,7.4,7.9,
08-11-2004,3.8,3.8,3,5.5,9.1,4.8,4.3,8.1,3.9,3.3,7.6,6.8,3.9,,
09-11-2004,7.6,5.4,3.3,4.4,8,4.3,2.4,6.7,4.5,5,8.2,12,6.4,10.2,
10-11-2004,7.3,5.5,3.4,4.8,9.5,6,2.3,,2.7,3.8,6.7,8.2,,,
12-11-2004,5.8,4,,4,3.6,4,3.1,5.4,3.6,3.7,6.9,3.6,3.8,,
14-11-2004,3.2,3.4,2.9,3.5,7.2,7.3,1.8,,3.9,3.4,6.1,2.8,3.3,4.7,
25-09-2006,4.6,1.5,1.1,2.7,2.6,3.9,1.3,2.7,3.9,6.9,12.5,6.5,2.1,0.4,
26-09-2006,6.8,1.3,1.3,,2.3,1.1,1.9,,2.6,7.5,9.1,5.1,5.5,2,
27-09-2006,9.2,1.6,1.3,1.6,6.3,22.2,2,2,7.4,9.4,18.1,5.3,4.1,2.3,
28-09-2006,9,1.8,1.1,3.8,11.2,8,0.9,0.7,3.2,8.1,18.5,4.6,5.2,4.7,
29-09-2006,5.3,1.8,1.6,1,7.7,4,1.6,3.7,3.5,10.3,16,5.3,5.1,2.4,
30-09-2006,,,,,,,,,5.3,7.7,15,3.9,3.5,2.5,
01-10-2006,,,,,,,,,4,21.4,19.6,5.8,2.7,1.9,
02-10-2006,7,2.6,1.4,4,4.4,2,4.9,8.1,2.8,13.3,19.8,6.5,5,1.9,
03-10-2006,12.4,1.1,1.3,3.7,8.7,2.5,2.3,13.9,2.7,9.6,14,7.9,7.6,7.2,
04-10-2006,9.7,1.1,0.85,1.4,6.6,5.2,2.97,5,2.9,7.7,9.6,5,6.3,,
05-10-2006,9.8,1,1,3.9,5,5.6,1.6,,6.3,6.2,10.8,8.2,5.4,5.2,
06-10-2006,14.25,0.9,1,3.9,6.5,5.5,1.1,5,6.7,12.1,16.5,10.9,3.7,3.9,
07-10-2006,10.1,4.2,1.4,2.1,12.7,4.5,0.9,19.5,2.7,9.1,17,6.5,8.7,8.6,
08-10-2006,6.7,2.7,2,2.95,11.7,3.6,0.9,10.95,4.6,8.5,15.3,6.5,6.7,6.4,
09-10-2006,3.75,1,1.93,1.95,6,6.1,1.5,18,3.68,7.7,13.9,4.57,7.4,2.5,
10-10-2006,9,1.3,1.7,2.2,8.5,5.3,1,5,5.6,7.88,14.4,6.76,2.9,1.6,
11-10-2006,10.3,2.1,1.1,2.3,6.9,9.3,1.9,16.6,4,7.7,13.9,8.5,4.4,3.9,
12-10-2006,9.8,1.6,1.1,2.9,2.7,3.7,2.4,18,14,3.78,19.1,10.7,6.3,6.4,
13-10-2006,5,1.2,1.1,2.4,5,7.7,2.24,3.5,6.6,6.6,12.1,8.8,9.6,8,
14-10-2006,0,0,0,0,0,0,0,0,0,0,0,0,0,0,
15-10-2006,3.3,2.8,3.3,4.9,2.7,9.5,1,3.8,3.4,8.5,13.2,4.4,6.6,3.4,
16-10-2006,5.2,2.6,2,2.7,3.2,5.6,1.4,3.2,4.5,8.4,12,6.7,5.2,5.5,
17-10-2006,7,2,1,1.8,6.3,3.5,3.2,6.2,4.3,9.4,10.4,10.6,6.4,8.1,
18-10-2006,11,1.4,1.4,2,3.1,3.1,3.2,1.2,4.1,7.9,11,9.8,10,11.2,
19-10-2006,8.9,1.5,1.4,2.6,1.7,3.8,1.3,9.7,2.7,16.4,12.6,9.3,9.1,10.6,
20-10-2006,,,,,,,,,4.2,12.3,15.8,5.3,7.6,6.3,
21-10-2006,,,,,,,,,6.4,12.5,15.6,5.8,5,3.5,
22-10-2006,,,,,,,,,2.6,13.5,15.1,5.1,4.4,3.3,
23-10-2006,9,2.1,1.5,3.2,1.6,3.1,0.7,4.3,2.4,32,15,6.85,5.2,4.1,
24-10-2006,25.8,1.8,1.6,2.6,1.6,4.4,1.4,2.8,4.3,30.8,17.6,5.1,5.9,6.8,
25-10-2006,19.4,2.4,1.4,2,2.4,5.4,1,2.3,4.6,18,14,8.65,4.6,7.6,
26-10-2006,27.6,1.5,1.3,3,1.7,5.8,1.4,1.5,4.8,13,15.4,7.5,8.1,8.8,
27-10-2006,12.7,1.2,1.2,1.9,1.6,5,1.3,1.4,3.2,11,14.8,7.4,7.4,9,
28-10-2006,5.5,1.8,1.8,2.7,1.9,4.2,1.2,1.6,7.3,20,16.2,5.3,6.3,3.6,
29-10-2006,9.8,1.6,1.5,2.9,1.5,2.4,0.9,10,3.7,12.8,7.9,6.5,6.3,,
30-10-2006,16.4,1.2,1.5,1.9,2.3,2.7,0.64,2,2.5,17.3,10.7,4.9,6.4,7.6,
31-10-2006,13.8,1.2,1,2.5,3,2.2,1,16.2,4.4,20.4,14.3,5.8,4.2,6.4,
01-11-2006,11.5,1,1,2.1,5.1,2,1.2,9.4,2.7,14.9,6.8,6.3,6,6.4,
02-11-2006,19,1,1.3,1.9,10.9,2.7,1.5,13,2.3,17.2,15.5,7.5,7.3,6.4,
03-11-2006,13.1,3.2,1.2,1.6,6.7,3.4,2.45,20.2,2.5,10.9,14.1,5.8,6.8,5.3,
04-11-2006,,,,,,,,,6.1,14.2,12.86,7.78,5.4,3.7,
05-11-2006,11.8,2.6,2.3,2.9,5,2.9,1.3,1.7,3.1,13.5,11.4,4.5,8.7,10.7,
06-11-2006,17.5,2.4,0.95,2,1.9,4.6,0.8,0.8,2.35,10.4,19.3,5.5,3.4,4.6,
07-11-2006,21.5,1,1.5,3,4.7,3.7,1.5,1,3.8,11.3,12.5,6.2,3.8,5.8,
08-11-2006,18,2.3,1.7,4.2,1.3,1.6,1,14.8,3.1,12.8,17.8,4.23,6.7,4.8,
09-11-2006,11.7,5.2,1.7,2.4,4.6,3.7,0.94,0.8,3.8,14,20,7.3,3.7,2.8,
10-11-2006,7.8,1.3,1.8,,10.3,4.3,1.3,1.1,2.5,8,8.6,7.7,0,0,
11-11-2006,,,,,,,,,5.4,17.3,11.4,5.3,5,,
12-11-2006,10,2.8,2.7,3.4,3.3,3.1,1,,3.2,23.7,13.2,4.3,3.7,5.5,
13-11-2006,11.2,1.6,1.2,3.1,7.4,6.5,1.1,1,3.6,13.3,14,4.8,4,2.6,
14-11-2006,11.4,1.6,4,3,2.5,2.6,0.9,1,2.6,11.5,10.3,6.1,,,
15-11-2006,,1.3,4.2,2.1,4.5,1.7,0.7,6.5,2,14.3,32.7,3.6,6.8,6.9,
16-11-2006,7,1.4,6,1.8,3.9,4.3,1,1.3,3.1,11.6,14.4,4.2,3.9,1.7,
17-11-2006,12.3,6.9,6.2,1.8,2.5,2.9,0.7,24.5,2.3,10,12,3,3.7,4.8,
19-11-2006,13,2.7,6.4,4.4,4.9,2.1,1.1,24.5,2.2,8.1,18.6,8.2,0,0,
20-11-2006,12.3,1.2,2,1.3,4.2,3.6,1.1,7.9,2.9,9.7,20,3.7,5.2,5.6,
18-11-2006,,,,,,,,,2.3,8.77,13.5,5.7,3.7,4.7,
21-11-2006,15.5,5.7,2.1,1.8,2.6,3.5,1.5,2.6,2,8.8,14.8,4,4,5.9,
22-11-2006,11.9,4.2,1.3,1.3,2.9,2.8,0.7,,4.2,18.2,22.2,3.17,2.3,4.6,
23-11-2006,5.1,3.8,1.3,,4.6,1.7,1.3,1.5,2.9,14.7,11.5,4.6,2.7,1.7,
24-11-2006,6.6,5.7,1.2,4.6,6.3,3.2,1.3,1.4,2.9,15,16,3.7,4.3,3.3,
25-11-2006,,,,,,,,,2.5,23.3,18.8,4.8,3,3.1,
26-11-2006,21.7,2.4,2.4,3,4.6,2.4,0.9,0.7,2.6,24.4,18.4,3.9,2.8,3,
27-11-2006,10.5,5.2,1.3,,7.6,1.8,1,1.7,1.8,18.9,13.8,5.8,3.4,3,
28-11-2006,7.3,9.9,1.2,3.9,4.6,2,1.1,1,2.4,7.1,13.6,5.9,6.9,4.8,
29-11-2006,14.6,11.8,1,4.3,2.2,4.5,2.1,1.3,3.7,13.4,16.3,7.4,6.5,4.5,
30-11-2006,4.7,11.8,1.8,3.6,9.7,5.7,0.9,5.5,3.1,9.1,13.5,6.2,0,0,
01-12-2006,11.3,9.3,1.4,5.5,3.6,8.3,3.9,6.6,2.7,14.3,16.9,4.6,3.9,3.9,
02-12-2006,,,,,,,,,6.4,19.6,15.7,5.8,,,
03-12-2006,6.1,4.5,3,5.2,1.2,1.7,2.6,11,14.9,5,15.7,5,,,
04-12-2006,7,2.6,1.4,2.7,2.1,3,1,14.8,2.7,10.4,9,4.9,,,
05-12-2006,5.5,1.8,1,4.2,2.5,1.8,0.9,1.5,2.2,14.1,10.6,6.1,4.1,4.7,
06-12-2006,9.5,3.3,1.5,1.9,3.1,3,1.4,9.4,3.8,26.4,14.6,7,4.1,4.6,
07-12-2006,6.3,6.6,0.8,6.6,1,1,1.3,3.5,3.5,16,13.3,3.7,6.5,10.1,
08-12-2006,8.5,4.3,1.8,6.4,3.5,2.5,0.9,3.8,4,8.8,10.2,4.5,5.6,9.4,
09-12-2006,,,,,,,,,3.2,19.2,19.4,6.4,4.2,3.8,
10-12-2006,8.7,2.2,2.3,3.8,3.1,5.9,1.4,4.5,4.2,12.7,14.8,5.8,6.7,,
11-12-2006,9.7,3.7,1.4,5.8,6.4,3.3,1.1,8.5,5.2,15.8,14.2,5.4,5.5,6.9,
12-12-2006,10.9,2,2.6,4.8,2.8,,1.3,15.4,2.9,10.2,17,4.2,3.7,,
13-12-2006,8,2.1,1.5,6.1,3.2,3.3,0.9,1.3,4.2,8.8,12.6,5,6.7,5.4,
14-12-2006,7.2,1.5,0.9,5.3,6,2.2,1.3,1.4,3.7,13.2,9.2,4.8,4.9,7.9,
15-12-2006,10,1.5,2.8,6.2,14.2,5,1.2,1.3,3.8,15.1,16.7,4.2,5.8,3,
16-12-2006,,,,,,,,,3.6,13.38,13.6,6.75,5.3,4.5,
17-12-2006,7.2,5.2,1.3,2.9,3.4,2.8,0.9,5.2,5.3,13.7,15.7,4.7,4.2,3,
18-12-2006,7.9,1.2,1.6,5.3,1.3,2.4,1.7,5.9,2.3,13,14.3,5.1,2.7,1.4,
19-12-2006,6.2,1.2,1.6,11.4,2.6,5,1.8,4,2.6,14.1,12.6,4.3,5.6,8.5,
20-12-2006,12.2,1.2,2.1,,3.4,3.6,1.1,14.4,2.4,12.6,12.2,3.1,,4.2,
21-12-2006,10.3,2.1,1.9,6.7,3.2,1.2,1.1,9.2,4.8,12.3,10.4,8.4,3.9,3.9,
22-12-2006,7.3,3.4,0.9,5.7,9.1,1.1,1.5,2,4.7,15.8,15.4,5.3,9.4,9.4,
23-12-2006,,,,,,,,,2.4,10.6,15.1,6.8,6.1,6.5,
24-12-2006,7.2,3,2.8,4,2.5,4.1,1.4,3.5,2.8,10.3,18.8,5.3,,,
25-12-2006,7.8,2.7,1.9,5.9,6,2.6,0.9,2.8,6,16,10.3,5.2,,,
26-12-2006,6.5,2.9,0.9,3.9,7.1,3.8,1.14,5.7,3.9,5.4,14.2,6,5.2,6.9,
27-12-2006,6.4,1.5,0.9,4.3,7.2,1.8,4.2,1.5,2.6,17,10.9,2.9,4.2,8.3,
28-12-2006,8.6,1.3,1.2,3.2,6.8,6.3,2.5,26.4,9.9,13.3,9.6,6,4.3,4.9,
29-12-2006,8.2,1.2,1.5,6.5,5.8,6.8,1.2,1.2,6.1,18.6,9.7,5.2,6.4,8.8,
30-12-2006,,,,,,,,,3,14.4,15.5,6.1,9.8,6.5,
31-12-2006,10.3,2.4,2.2,3.3,1.2,3.3,1.2,,3,18.4,14.5,6.8,4.2,6.4,
01-01-2007,9.3,2.2,2.1,8.6,2.9,4,1.1,2.3,4,15.5,16.3,7,5.4,5,
02-01-2007,9,1,1.8,1.9,6.1,2.4,0.9,6.3,3.6,9.2,13.3,4.1,8.7,5.6,
03-01-2007,11.3,1.3,0.9,7.5,4.5,0.9,1.3,1.2,2.5,12,12.2,4.9,3.2,3.9,
04-01-2007,8.6,1.8,1.1,4.5,4.1,2.1,1.5,10.5,3,12.7,12.3,4.9,4.3,0,
05-01-2007,6.1,1.1,1.3,5.9,3.6,2.2,0.9,4.3,2.6,8,14,5.8,7.3,6.3,
06-01-2007,0,0,0,0,0,0,0,0,3.5,13.2,15.6,4.6,6.8,8.1,
07-01-2007,5.3,2.4,3.4,3,3.5,4.1,1.4,8.3,4.6,9.8,13.2,4.4,6,5.4,
08-01-2007,8.5,1.5,1.1,6.4,2.1,4.8,2.3,17,4.4,8.9,12.6,4,7.8,9.6,
09-01-2007,6.6,1.3,1.2,7.4,6.2,3.6,1.2,1.6,2.3,11.1,10.8,4.9,0,0,
10-01-2007,8.9,5.3,1.4,,3.6,4.1,1,10.2,2.7,14.6,12.7,3.3,5.7,7.5,
11-01-2007,7,3.7,1.5,4.6,3.2,4.3,1.2,6.9,3.2,17.3,14.2,2.8,4.4,2.8,
12-01-2007,7,2.1,1.2,5.1,1.6,5,1.5,6.8,2.9,20.8,14.2,4.2,4.5,4.3,
13-01-2007,0,0,0,0,0,0,0,0,3.2,15.3,15.6,4.6,5.3,4.6,
14-01-2007,5.4,0.4,2.5,4.5,2.3,4.7,0.9,5.1,2.7,19.3,13.4,3.2,3.3,5.3,
15-01-2007,4.7,1.5,1.7,8.3,1.4,3.2,1.8,5.3,2.4,27.9,9.7,5.2,3.2,3.2,
16-01-2007,4.4,1.1,2.4,7.3,4.3,2.2,1.3,2.1,3.6,14.7,8.1,2.6,0,0,
17-01-2007,6.4,1.3,1.4,6,3.4,4.8,0.9,3.9,3,21.4,12.4,2.7,4.3,4.9,
18-01-2007,9.6,1.4,1.8,5.1,3.3,3.3,1.6,18.4,3.1,17.4,13.6,5,1.6,4.2,
19-01-2007,9.5,2,1.6,7.5,2.1,2.6,2.9,10,2.7,13.6,11.8,4.2,4,5,
20-01-2007,0,0,0,0,0,0,0,0,2.4,15.5,13,3.6,3.7,3.7,
21-01-2007,4.7,1.5,2.8,3.3,1.2,1.2,1,13.1,2.2,14.4,10.2,5.2,4.9,6.2,
22-01-2007,3.6,1.9,1.9,6,2.3,5.8,1.1,18,2.2,12,13,6.3,3.5,5.1,
23-01-2007,6.6,1.3,2.3,4,2.3,6.5,1.5,19.2,3.4,16.8,9.8,3.6,3.7,4.9,
24-01-2007,6.7,1.4,1.2,5.4,2.5,4.3,2.1,18.3,2.7,25.6,9.7,5.3,2.7,2.4,
25-01-2007,0,0,0,0,0,0,0,0,3.1,15.3,13.2,2.9,2.3,4.6,
26-01-2007,7.5,2,1.7,5.2,4.8,4.5,0.8,16.2,3.2,11.3,12.4,3.5,4.2,4,
27-01-2007,0,0,0,0,0,0,0,0,3.1,19.6,14.2,4.8,3.1,2,
28-01-2007,5.8,2.6,1.8,4,3.2,4.4,1.3,20.9,2.7,15.5,14.8,4.1,6.1,3.7,
29-01-2007,7.4,5.3,1.3,3.7,5.9,2.5,2.5,21.9,1.8,14.5,9.8,4.4,4.1,2.2,
30-01-2007,9,3.9,2.6,5.4,2,3,1,26.6,2.6,15.8,8.9,5.2,4,3.1,
31-01-2007,10.5,1.6,1.5,4.4,3.8,6.6,2,20.5,3.8,16,14.3,5.1,3.8,2.4,
01-02-2007,8.9,2.2,2.1,5.6,2.4,5.3,1.5,19.6,2.4,18,12.9,3.9,5,5.7,
02-02-2007,7,2.8,1.5,6.8,2.1,3.3,1.2,31.2,2.6,26.2,12.6,3.9,3.3,2.9,
03-02-2007,0,0,0,0,0,0,0,0,2.4,31,10,4,3.2,3.1,
04-02-2007,4,1.6,1.6,4,6.2,3.9,1.2,34.2,3.2,17.3,12.8,4.1,0,0,
05-02-2007,8.3,3.7,1.3,4.6,6,2.6,1.1,30.6,2.3,18.9,12.4,4.1,4.8,4.6,
06-02-2007,8.2,7.5,2.3,6.1,4.1,17.9,1.4,23.2,2.6,24.6,12.2,3.9,0,0,
07-02-2007,7.3,15.8,3,6.1,2.1,12.5,1.8,24.1,2.3,21.8,14.9,5.3,4.9,6.1,
08-02-2007,5.1,10,2.1,4.2,2.3,6.8,1.1,23.4,3.3,17.8,13.5,5.9,6.1,6.6,
09-02-2007,3.8,7.1,2.1,4.3,1.4,1.8,0.9,21,2.6,18.8,12.6,5.9,6.5,4.9,
10-02-2007,0,0,0,0,0,0,0,0,3.5,22.8,10.3,3.7,4.2,4,
11-02-2007,5.2,3.4,3.1,4.6,1.9,4,1.3,13.4,2.5,31.4,13.8,3.8,2.2,2,
12-02-2007,4.8,8,2.1,2.9,1.2,0.7,1.4,24.6,4,19,11.2,5.7,3.5,2.2,
13-02-2007,4.2,3,2,1.8,1.3,2.5,1.4,24.3,3,23.7,15.4,3.2,6.1,5.2,
14-02-2007,1.6,2.5,2.4,1.6,1.2,2.8,1.2,25.2,1.6,25.7,9.6,4.1,4.3,3.2,
15-02-2007,1.9,6,1.9,3.4,2.9,5.6,1.3,21.1,3.8,29.6,11.2,3.3,3.9,0,
16-02-2007,4.3,1.4,2.6,2.6,3.8,4.7,1,25.2,2.3,19.5,11.5,2.7,0,0,
17-02-2007,0,0,0,0,0,0,0,0,2.5,41.3,10.4,3.7,,,
18-02-2007,4.8,3,2.4,2,3.2,4.4,1.3,27.4,2.5,19.9,11.2,4.2,3.1,3.5,
19-02-2007,4.7,7.4,3.2,1.2,8.2,9.2,1.3,33.9,1.9,23.4,11.7,3.3,4,0,
20-12-2004,4.1,5.2,2.4,3,1.9,11.6,5.9,13.7,2.5,6.9,10,6.6,8.4,11.9,
21-12-2004,7.2,2.5,2.7,2,4.4,3.5,9.4,,3.2,3.5,8.8,6.4,5.7,9.6,
22-12-2004,10.3,4.4,2.4,2,3.1,3.8,9.7,2.8,9.2,4.1,7.2,6.2,6.3,8.2,
23-12-2004,3.5,3.7,2.8,4.4,3.7,1.6,9.1,3.1,8.1,4.5,7.3,6.1,6.5,8.8,
24-12-2004,7.8,3,2.9,4.1,5.2,1.9,7.6,6.3,6,6.8,8.4,5.4,5.9,8.3,
26-12-2004,3.4,3.2,2.5,4,1.9,17.7,4.3,7.7,3.7,5,7.2,4.4,,,
27-12-2004,4.3,2.9,3.5,5,2.8,13.4,2.3,8.6,3.3,3.1,8.6,5.4,3.7,6.2,
28-12-2004,7.5,3,3,4.3,4.2,7,1.1,10,3.4,4,8.6,4.8,,,
29-12-2004,8.7,2.6,3.4,2,4.4,6,1.3,8,2.6,3.4,6.8,4,6.2,10.5,
18-11-2005,13,2.6,9.4,3.2,1.8,4.8,3,17,2.4,5.7,13.5,3.6,4.4,3.4,
10-06-2005,3.2,1.9,1.7,3.4,4.7,4.1,7.5,25.4,1.9,8,5.8,2.1,2.2,3.4,
11-06-2005,,,,,4,3.3,,,3.2,5.2,8.2,2.6,2.8,3.8,
12-06-2005,2.8,2.8,2.4,4.4,1.7,2.3,4,13.7,2.8,3.1,7.8,2.8,3.1,4.1,
13-06-2005,4.2,1.8,2.7,4,8.7,2.7,3.3,17,2.3,15.4,6.8,2.6,2.5,5.3,
14-06-2005,6.7,2,2.6,4.1,8.8,4.5,2.8,18.9,2.2,9.1,7.1,2.6,2.1,2.4,
15-06-2005,3.4,1.4,2,3.7,4.3,2.1,3,16.3,2.7,4.1,6.8,6.4,3.2,1.6,
16-06-2005,4.3,1.8,2.8,4.1,2.9,2.3,2.9,15.3,2.3,12,6.7,4,5.6,6.8,
17-06-2005,6.5,2.5,2.8,,4.9,2.7,3,,2.5,15.4,5.8,2.6,4.2,6.3,
18-06-2005,,,,,6.9,2.7,,,3.4,5.3,6,2.3,2.3,2.4,
19-06-2005,5.8,2.9,1.8,3.9,2.1,2.8,3.1,20.2,2.6,2.9,5.1,3,1.6,2,
20-06-2005,5.9,1.8,2.6,3.7,3.8,4.3,3,,2.3,3.7,7.5,3.7,2.6,2.9,
21-06-2005,5,1.9,2.5,3,6.6,2.9,1.1,9.7,2.3,4.1,7.2,2.9,3.6,3.1,
22-06-2005,3.5,1.8,2.6,2.4,15.6,3.6,1.5,11.3,2.9,6.2,8.7,2.8,1.4,3,
23-06-2005,3.7,1.9,2.1,2.8,3.9,2.7,2.2,9.9,2.5,13.3,9.5,3.7,4.2,6.5,
24-06-2005,5.4,2.3,3,,10.2,2.7,2,10,2.1,11.4,5.8,2.8,4.1,4.5,
25-06-2005,,,,,6.2,4.9,,,2.4,5.7,7.7,3.1,3.2,2.5,
26-06-2005,5.1,2.8,2.7,4,5,1.8,3,19,2.2,4.1,6.9,2.5,3.5,6.1,
27-06-2005,6.1,2.3,3.8,3.8,4.9,1.7,3.8,14.9,3,4,7,3.3,2.5,3.6,
28-06-2005,6.1,2.4,2.7,,3.7,2.5,3.4,11.6,3,6,6.5,3.2,2.6,2.2,
29-06-2005,6.1,2.3,2.1,3.5,5.4,1.2,3.5,9.8,2.6,4.4,6.4,2.7,3.1,4.2,
30-06-2005,3.6,2.8,2.4,3.2,4.3,1.5,3.3,14.3,2.9,5,6.9,3.3,2.7,7.7,
01-07-2005,7.1,2.5,2.3,2.4,1.3,1.7,3,7.6,4.2,6.3,8,2.7,,,
02-07-2005,,,,,3.8,5.9,,,2.9,11.2,7.3,2.7,,,
03-07-2005,5.9,3.1,3.2,4,3.9,9.2,2.8,8.7,3.2,8.2,9,3.7,3.8,2.2,
04-07-2005,5.1,2.8,2.6,,2.1,2.8,3.1,7.4,2.6,6.4,7,3.1,3.6,2.3,
05-07-2005,6.2,3.3,2.7,4.2,3.1,4.9,2.1,6.7,2.9,11,6.2,4.2,2.4,2.1,
06-07-2005,7.2,2.5,2.6,4.3,1.6,3,1.6,6.7,2,3.9,7.1,2.8,3.1,2.7,
07-07-2005,7.3,2.3,2.4,4.4,2.7,5.1,1.9,5.6,3.3,7.4,7.7,5.8,1.5,0.1,
08-07-2005,7.6,2.1,2.3,3.6,1.6,2.4,1.5,3.9,3.2,8.1,6.4,3.4,2.6,3.4,
09-07-2005,,,,,3.3,4,,,3.8,20.6,8.3,3.5,3.3,4.4,
10-07-2005,8.8,,,4.7,5.4,2.5,1.7,7.2,3.1,5.2,7.4,4.1,3.9,4.3,
11-07-2005,8.4,1.8,3.1,5.1,3.2,1.7,1.6,4.4,2.5,6.3,7.1,3.5,4.3,,
12-07-2005,6.1,2.1,2.5,4.4,2.7,4.7,3.5,3.5,2,6.2,6.2,4.4,4.6,3.2,
13-07-2005,6.5,1.9,2.8,3.9,4.8,4.8,2.1,10.5,2.5,13.9,7.9,2.4,3.1,1.7,
14-07-2005,7.7,2.1,3.2,,5.5,1,1.7,11.6,2.8,4.3,7.1,2.6,1.5,1.8,
15-07-2005,9,2.7,2.8,3.5,4.8,1.3,1.1,26.1,2.2,4.5,6.5,2.2,3.3,4.6,
16-07-2005,,,,,10.8,6.5,,,2.6,4.8,7.1,1.7,3.1,4.3,
17-07-2005,7.3,2.8,3,4.2,8.8,0.6,1.5,8.5,2.5,4.5,7.9,3.2,2.5,3.2,
18-07-2005,7.9,1.7,2.5,3.6,0.9,1,2.1,7.8,1.6,6.6,7.2,4,4.8,5.5,
19-07-2005,10.5,2.1,2.4,,5.8,2.4,1.4,12.8,2.5,16.6,7.7,4.2,2.9,2,
20-07-2005,6,2.7,2.1,3,2.5,2,1,9.5,2.6,4.4,7.3,2.4,3.1,4.3,
21-07-2005,10.2,3.2,3.1,,2.4,1.3,0.9,12.4,2.3,4.3,7,4.3,2.7,,
22-07-2005,12.8,2.9,2.3,4,3.8,6.3,1,15.5,2.3,6.4,7.2,3.2,3.8,5,
23-07-2005,,,,,2.6,0.9,,,2.1,3.6,7.4,3.1,2.7,2.3,
24-07-2005,7.6,2.7,2.8,4.5,2.8,10.2,1.8,13.5,2.5,4.3,11.1,2.8,2.6,3.7,
25-07-2005,7.8,2.8,2.9,,2,0.8,1.1,16.4,2.3,18.9,8.1,2.7,2.4,0.8,
26-07-2005,8.8,2.3,3.1,4,2.5,5.8,1.7,17.5,2.4,9,9.5,3.4,2.7,3.2,
27-07-2005,9.5,2.7,2.6,,2.4,9.2,1.3,11.8,2.6,6.3,7.7,2.5,3.7,,
28-07-2005,8.5,2.9,2.4,3.1,4.6,5.6,1.4,6.4,2.3,5.7,7.5,4.9,1.9,0.6,
29-07-2005,8.4,2.6,1.4,,3.8,3.7,1.5,13.9,2.9,10.5,9.8,3.1,4.4,,
30-07-2005,,,,,3.3,9.5,,,2.6,5.7,12.5,3.5,2.6,2,
31-07-2005,7.2,3,3.1,4.5,6.9,1.4,1.4,13.3,2.4,6.6,8.3,2.5,4,5.3,
01-08-2005,9.5,2.7,2.3,4.4,4.4,11.1,1.2,11.2,2.6,6.2,8.8,2.7,1.8,0.1,
02-08-2005,5.2,3,2.8,4.3,9.7,1.3,1.4,16.4,2.6,12,10.3,2.1,3.2,5.5,
03-08-2005,7.6,3.7,2.1,4,12.3,3.4,2.1,,2.8,8.2,10,3.3,1.5,1,
04-08-2005,6.2,3.7,2.1,3.7,11.1,4.8,1.9,18.6,2.9,5.5,10.9,2.9,4.4,3.4,
05-08-2005,6,2.9,2.6,4.5,9,9.7,2.1,15.1,2.2,6,11,2.7,2.9,,
06-08-2005,,,,,4.8,10.4,,,2,9.7,7.2,2.6,3.7,1.6,
07-08-2005,6.5,3.2,3.1,4,5.9,5.2,1.8,15.2,2.1,6.1,7.4,2.2,2.4,0.4,
08-08-2005,6.1,4,2,3.6,2.9,11.7,1.6,15.4,2.2,7.3,9.9,2.1,1.8,,
09-08-2005,7.2,1.8,2.7,3.8,3,2.7,2,11.7,2.1,5.7,9.2,2.5,1.8,0.2,
10-08-2005,7.3,3.1,2.3,3.7,7.2,2.1,1.7,11.9,2.6,7.7,8.5,2.7,2.5,1.7,
11-08-2005,5.1,2.3,2.2,4,22.6,2,1.8,11.4,2.4,11.2,9.2,3,1.9,,
12-08-2005,6.6,2.7,2.2,5.6,2.3,1.7,1,12.5,2.5,12.6,9.3,3.7,3,2.8,
13-08-2005,,,,,21.4,3.2,,,2.2,6.8,7.6,2.5,2.6,1.6,
14-08-2005,,,,,15,6.7,,,1.9,8,14,1.5,1.2,0.1,
15-08-2005,8,2.6,2.8,4.2,14.8,11.5,0.9,14.1,2,6.2,9.9,2.5,1.4,0.9,
16-08-2005,15.1,2.6,2.1,,17.1,14,1.3,18.7,2.2,5.5,10.9,2.3,3.3,1,
17-08-2005,10,2.7,2,3.7,5.1,13.5,1.1,11.2,2.2,11.5,9.4,2.6,2.9,1.2,
18-08-2005,7.3,2.9,3.4,2.8,13.1,0.1,1.1,12.8,1.9,19.3,10.3,5,2.3,0.5,
19-08-2005,7.1,2.7,1.5,3.3,1.5,2.9,1.3,13.6,2.2,8,9.3,3,4,2,
20-08-2005,,,,,7.2,1.3,,,2.2,9.3,13.9,4,2,0.2,
21-08-2005,7.2,2.1,2,3.5,0.7,4.7,1,15.2,2.3,5.3,10.5,5.1,4.4,1.5,
22-08-2005,9.3,2.4,2.5,4.2,2.2,9,0.9,12.5,1.8,15,10.7,3.5,3.1,1.8,
23-08-2005,6.8,2.3,2.1,,1.1,5.2,1,15,1.8,4.5,11.1,3.9,2.5,1.5,
24-08-2005,,,,,1.3,3.3,,,2,3,9.5,3.1,3.1,1,
25-08-2005,,,,,1.4,10.8,,,2.4,13,9.6,3,3.4,,
26-08-2005,9.8,2,2.8,3.7,1,23,0.8,20.9,2.4,15.5,10.1,2.6,2.3,0.6,
27-08-2005,,,,,5.1,8.3,,,,,,2.4,2,0.2,
28-08-2005,6.9,2.8,2.4,4.4,4.9,0.7,1.2,9.9,1.6,4.7,10.2,2.7,1.4,0.1,
20-02-2007,7.8,2.3,3,2.7,8.8,7.4,3.1,33.2,3.4,19.5,12.6,3.1,2.9,2,
21-02-2007,9.9,5.7,2.1,2.7,4.2,16.2,1.4,22.7,2.6,29,14.3,6.3,2.9,2,
22-02-2007,6.5,4.7,2.3,3.9,2.9,12.7,0.8,24.6,3.9,42,15.9,5.2,5.7,5.7,
23-02-2007,10.8,6.4,1.7,4,3.8,2.1,0.9,26.5,3,24.2,14.5,6.8,6.2,6.8,
24-02-2007,0,0,0,0,0,0,0,0,3,32,13.4,5.6,7.5,8,
25-02-2007,6.4,3,3.1,1.3,5.7,5.9,1.2,28.6,3.1,20.5,10.7,4.3,5.6,5.3,
26-02-2007,5.9,1.8,2.7,2.7,1.7,5.2,1.1,27.5,2.2,18.6,9.6,3.4,3.5,2.7,
27-02-2007,8.1,2,2.7,1.5,3.2,6.2,1.2,0,2.2,17.2,10.5,3.9,1.9,4.4,
28-02-2007,7,2.8,1.5,1.2,3.7,6.7,1.5,28.9,2.4,26,9.6,3.8,3.2,2.8,
01-03-2007,9.4,2.2,1.5,4.9,2.9,5.9,2,28.9,2.3,21.7,11.3,3.9,3.8,5.1,
02-03-2007,7.9,2.3,1.3,1.8,3.8,6.8,2.5,33.8,2.1,20,11.5,5.3,5.1,5.2,
03-03-2007,0,0,0,0,0,0,0,0,4.2,18.5,10,5,6.3,5.4,
04-03-2007,6,2,2,2.7,12.3,5.8,1.3,33.4,2.9,22,11.9,6.3,5.8,5.2,
05-03-2007,4.5,2.7,1.7,2.7,4.2,5.9,1.6,22.5,2.8,35,11,4.4,7.2,7.2,
06-03-2007,5.9,2,1.3,2.4,4.6,5,1.3,40.6,2.7,28.8,10.1,4.2,5.5,6.6,
07-03-2007,4.7,2.4,1.7,2.5,4.4,6.5,1.2,10.3,2.3,20.9,11,3.9,3.2,2.5,
08-03-2007,5.2,3.2,1.5,2.8,3.7,5,2.3,18.4,2.3,21,11.3,4,5.2,4,
09-03-2007,4.5,2.6,2.1,3.1,6.3,3.6,1.1,24,3.6,24,10.2,7.1,3.9,3.6,
10-03-2007,0,0,0,0,0,0,0,0,1.9,21.4,12.9,4.6,5.8,4.7,
11-03-2007,3.1,2.6,3,2,5.5,4.4,1.6,27.1,1.9,29.2,10.4,8,6,5.1,
12-03-2007,3.3,5.7,2,3,2.8,6.4,1.6,10.7,4.4,16.8,14.3,6.2,4.3,3.8,
13-03-2007,2.8,3,2,3.9,4.3,6.1,1.6,5.1,3,22.2,8.8,4.2,7,6.9,
14-03-2007,3.5,1.6,7.4,2.9,8.2,7,1,7,2.8,20.1,10.6,5.4,6.2,8,
15-03-2007,3.6,1.4,14,1.7,4.7,4.7,1.5,3.9,3.1,16,15.5,3.6,6.7,4.7,
16-03-2007,5.2,1.7,25.5,3.4,3,7.9,1.7,3.7,2.6,20.4,11.4,3,4.5,9.3,
17-03-2007,0,0,0,0,0,0,0,0,2.3,24,10,3.2,5.2,5.1,
18-03-2007,4.8,1.8,3.6,3,3.6,3.8,1.4,1.3,2.3,26.6,10.8,3.9,2.8,3.7,
19-03-2007,7.2,4,3.9,6.2,3.5,5.6,0.7,33.2,2.8,25.6,12.4,3.6,2.1,1.3,
20-03-2007,5.7,4.8,2,5.7,6.7,4.5,1.4,2.5,2.7,20,11.2,4.8,3,2.3,
21-03-2007,5.1,1.6,5.8,5.7,5.5,6.7,1.7,1.8,3.2,19.6,15.5,3.7,5,3.7,
22-03-2007,4.5,4.9,1.6,5.4,6,5.8,2.1,1.5,3.8,16.2,12.7,4.3,3.7,2.1,
23-03-2007,3.9,5.7,3.9,5,5.1,5.4,1.6,3.3,2.5,13.2,10.7,2.3,0,0,
24-03-2007,0,0,0,0,0,0,0,0,2.9,21.7,10.8,3.5,6.8,2.7,
25-03-2007,5.5,2.1,3,3,4.9,8.4,1.6,3.3,2.7,19.6,11,4.7,3.9,2.6,
26-03-2007,3.4,3.8,5.2,3.9,6.4,5.7,1.5,17.3,2.6,13.6,11.8,4.8,5.6,2.4,
27-03-2007,5.2,4.4,3.1,3,3.5,5.3,1.4,4.6,3,17.8,10.9,4.7,4.4,5.1,
28-03-2007,7.2,3.5,2.3,1.9,3.5,5.4,1.5,10.6,3.4,20.7,11,4.9,4.3,4.3,
29-03-2007,5.4,1.6,2.9,3,5.5,8,1.2,7.1,5.5,16.8,11.3,4.3,4.2,4.5,
30-03-2007,5.6,4.2,3.2,4.2,5.9,7.2,0.9,12.9,2.5,15.7,10.3,4.3,3.3,4.6,
31-03-2007,0,0,0,0,0,0,0,0,3,18,10.8,5,5.6,5.8,
01-04-2007,6.4,2,1.4,,3.2,6,1.5,37,2.9,18.7,11.8,3.6,6,5.5,
02-04-2007,8,3,1.7,4.2,7.2,6,1.2,26.7,1.8,22.2,11.8,3.5,4.6,3.8,
03-04-2007,4.2,2.2,2.1,,4.1,8.5,1,19.3,2.3,22.9,11.7,2.3,4.9,4.2,
04-04-2007,4,2,2.1,6.8,3.8,1.6,1.6,30.7,2.8,17.6,9.6,4.4,1.7,2.8,
05-04-2007,3.9,1.6,2.2,1.8,6.8,2.5,1.9,30.5,3.6,20.8,13.7,4,4.7,4.3,
06-04-2007,4.7,1,2.8,4.4,3.9,6.1,1.7,21.1,2,28,13.2,2.9,3.7,3,
07-04-2007,0,0,0,0,0,0,0,0,3.9,14.4,11.9,3.8,3.1,3.5,
08-04-2007,4.5,2.9,2.9,1.9,6.2,4.7,1.4,22.1,2.7,24,11,4.8,3.9,3.8,
09-04-2007,3.8,3,1.6,2,2.1,5.9,1.4,7.5,2.5,21,11,3.9,5.5,6.8,
10-04-2007,4.2,1.6,3.4,1.4,1.5,3.1,1.1,22,1.9,25,9.6,3.2,4.2,4.8,
11-04-2007,4.3,4.3,3.3,2.8,5.4,5.4,1.2,22.4,1.9,20.1,9.5,4.5,3.9,1.7,
12-04-2007,3.7,2.4,1.6,2.2,4.3,5.1,1.6,41.4,2.4,19.5,10.4,4.6,5.1,7.5,
13-04-2007,5.4,3.4,1.7,1.9,6,5.1,1.5,44,2.9,16.8,11,4.3,3.8,5.6,
14-04-2007,0,0,0,0,0,0,0,0,2.8,32,10.2,2.7,5.7,7.2,
15-04-2007,4.9,2.3,3.2,2.3,4.8,4.6,1,4.5,2.4,16.8,12.4,4.4,3.2,3.7,
16-04-2007,3.4,4.2,3.4,3.5,0.8,5.7,0.8,3.4,3.3,25.1,12.8,5,3.1,4.6,
17-04-2007,4.3,5.6,4.1,2.8,1.8,6,1.4,3.4,2.1,30,11.2,3.3,0,6.4,
18-04-2007,4.4,6.4,3.4,2,0.7,1.9,5.7,10.1,2.4,21,11,4.6,3.4,,
19-04-2007,4.5,4.2,3.2,4.6,1.1,1.7,25.8,10.3,5.5,20,9.6,3,4.4,3.7,
20-04-2007,5.5,6.3,1.9,3.5,4,2,10.8,20.2,3.7,18.5,10.2,4.7,4.1,1.4,
29-08-2005,9.2,3.4,2.4,3.6,2.6,4.2,0.7,9.6,2,5,9.8,3.3,2.3,0.3,
30-08-2005,9,3.2,2.2,,1.6,1.3,0.9,8.9,2.1,5.3,10.6,2.3,3.7,1.6,
31-08-2005,11,2.8,4.8,3.8,1.7,4.1,1,15.2,2.1,7,6.7,2.3,2.4,1,
01-09-2005,13,2.4,2.5,4.2,3,3.6,0.9,11.7,1.7,7,9.4,2.4,2.3,0.4,
02-09-2005,9.5,2.2,3.6,4.4,2.9,10.5,0.8,16.6,2,8.2,8.3,2.2,3,2.5,
03-09-2005,,,,,1.3,11.6,,,,,,2.7,2.6,0.1,
04-09-2005,7.8,3.4,4.8,,1.3,8,0.7,16.7,2.4,8.6,10.4,2.6,1.8,0.1,
05-09-2005,8.5,2.2,2.5,2.8,5.8,1.3,1.3,25,1.9,4.8,11.6,2.8,3.8,1.9,
06-09-2005,8.8,2.5,2.5,3.1,0.9,4.5,2,14.2,1.8,8.9,7.5,2.1,1.9,1,
07-09-2005,8.2,2.3,3.4,3.6,4.4,3,1.1,20,1.9,9.3,7.6,2.9,1.7,,
08-09-2005,8.4,3.7,2.9,3.9,2,5.9,1.3,22,1.7,7,10,1.9,1,0.5,
09-09-2005,9.5,3.8,2.5,3.5,3.2,7.6,1.4,8.9,1.6,8.6,8.7,2.6,1.2,0.7,
28-07-2004,3.2,1.2,7,2.6,7.2,11.1,2.3,10.8,2.8,3.2,5.5,2.8,3,3.2,
29-07-2004,7.4,1.7,1.5,2.2,13.5,12.1,3.7,3.7,3.1,3.6,9.1,4.6,3.1,1.8,
30-07-2004,2,1.8,1.7,1.5,12.8,1.7,1.6,3.2,3.2,4.5,5.7,4.4,,,
01-08-2004,2.8,1.6,2,2.6,2.3,4.4,2.5,7.3,3.5,2.5,7,4.8,7.6,5.9,
02-08-2004,3.3,1.3,3,2.6,1.9,9.3,4.1,4.8,4,4.6,5.9,4.8,4.9,2.5,
03-08-2004,3.5,1.6,2.8,2,5.4,5.4,2.3,5.4,2.7,2,7,5.8,4,3.7,
04-08-2004,20.9,1.2,2.3,0.8,6.7,4.6,2.6,6.5,2.3,4.5,6,3.2,4.5,2.1,
05-08-2004,2.8,1.5,2.5,4,4.2,1.3,1.6,8.4,2.2,2.8,8.9,3,2.6,0.6,
06-08-2004,13.5,1.4,3.7,,3.9,7.5,1.6,,1.7,2.5,9.4,3,3.1,2.7,
08-08-2004,3.4,2.4,2.4,1.6,17.1,6.1,2.5,,3.7,8.8,7.2,3.2,5.2,2,
19-11-2005,,,,,,,,,2.5,8.2,10.7,4.3,5.1,3.4,
20-11-2005,11.7,2.4,5,3.4,2.7,15.1,4.1,18.2,2.3,6.6,10.1,4.1,5.6,5.3,
21-11-2005,13.5,2.8,5.5,3.5,2.2,26,3.9,11,6.7,8.5,16.9,3.4,5.3,5.8,
22-11-2005,12.7,4.1,11.4,4.4,1.7,20.9,2.9,17,4.3,5.2,14.6,5.7,4,1.9,
23-11-2005,11.1,2.5,9.5,,2.5,14.4,1.4,17.5,4.2,6,17,4.7,4.6,3.6,
24-11-2005,13.5,2.5,8,2.9,2.2,12.2,7.8,14.9,2.6,7.4,14,4.5,6.4,5,
25-11-2005,22.2,2.9,8,3.8,3.2,5.9,1.5,16.5,4.9,6.5,15,6,4.2,6.6,
26-11-2005,,,,,,,,,1.95,6.9,10.7,8.6,7,6,
27-11-2005,13.3,2.3,8.9,3.8,5.2,4.8,1.5,18.6,2.5,8.6,17.3,6.9,6.4,6.4,
28-11-2005,14.3,3.6,8,3,4.5,5.9,2.2,15.3,2.3,6.8,12.8,4.1,9.5,9.3,
29-11-2005,14.5,3.7,9.4,3.9,5.8,4.7,2.5,,2.3,6.1,13.5,3.7,8.3,9.9,
30-11-2005,14.5,3.3,10.1,4.1,1.8,6.4,2.2,16.9,2.7,7.6,12.6,2.4,5.7,4.7,
01-12-2005,12.7,3.5,3.3,3.4,3.7,4,2,16.3,2.6,13.1,12.7,2.4,2.8,,
02-12-2005,12.3,3.3,8.4,3.8,6.8,4.5,2,16.2,2.5,5.3,8.5,4.1,2.2,2.1,
03-12-2005,,,,,,,,,3.8,7,11,4.6,4.1,4,
04-12-2005,9.9,2.1,4.5,3.5,3.9,3,1.8,19,2.4,6.1,10.8,6.2,4.2,4,
05-12-2005,12.4,2.9,5.5,3.4,1.8,4.1,3.3,18,10.6,7.1,10.1,3.8,4,2.5,
06-12-2005,11.7,2.1,10.8,,3.4,5.4,2.5,18.8,3,15,10,3.3,2.6,3.6,
07-12-2005,15.1,2.8,7.7,3,4,11.3,3.5,14.4,3.3,11.7,13.4,5.2,4.6,2.8,
08-12-2005,15.6,2.2,4.7,3.9,2,11.3,16.5,10,2.6,15,12.1,3.5,6.5,6.4,
09-12-2005,19.5,3.2,6.1,,2,11.2,3,12.8,5.2,9.5,12.2,3.8,4,1.9,
10-12-2005,,,,,,,,,2.7,8.1,16,3.4,3.8,4.6,
11-12-2005,9.4,2.6,5.5,3.9,2.7,42.6,1.8,16.6,1.9,9.2,14,2.5,1.8,1.5,
12-12-2005,12.6,2.9,12.8,,1.3,19.5,1.7,15.3,2.7,6.4,15.6,4.1,2.4,1.6,
13-12-2005,12.5,2.6,8.1,,1.6,2,2.5,7,2.4,5.8,11.3,6.1,6.1,3.6,
14-12-2005,8.8,3.6,7.5,3.5,1.4,21.6,2,9.2,2.4,5.8,9.4,2.8,5.1,2.9,
15-12-2005,13,3.3,5.5,,3.2,19.4,2.2,12.5,2.7,9,10.8,3.8,3.3,0.4,
16-12-2005,6.1,3.6,9.5,3.8,5.2,11.6,2,11.8,2,11.8,12.5,5.7,3.6,1.5,
17-12-2005,,,,,,,,,3.6,8.2,15.6,2.7,5.9,3.7,
18-12-2005,8.8,2.4,4.3,3.7,3.2,7,3.3,8.6,2,6.4,12.8,2.5,3.7,0.6,
19-12-2005,6.4,2.3,9.3,3.2,1.2,2.1,1.8,12,2.2,6,11.7,7.2,3.9,2.7,
20-12-2005,3.3,2.9,12,3.3,1.9,12.3,3.2,10.5,2.3,6,10.8,8.2,,,
21-12-2005,14.1,3.2,6.9,3.6,1.5,10.1,1.7,11.8,1.9,7.4,10,2.3,7.4,6.8,
22-12-2005,26.2,2,3.9,3.5,1.5,19.6,1.9,11.6,3.1,8.1,19.8,6.9,1.3,1.2,
23-12-2005,26.2,3.4,6.4,2.4,1.5,11.4,4.9,9.2,2.3,8.5,14.6,3.1,4.8,3,
24-12-2005,,,,,,,,,2.2,8.5,14.9,5.9,3,1.7,
25-12-2005,27.1,2.7,1.9,2,6.9,21,12.5,7.7,11.8,5.5,14.8,4.7,4.3,2.4,
26-12-2005,21.3,3,11.2,2,7,23.6,10.8,12.3,3,6.9,25.7,7,5.8,4,
27-12-2005,12.7,2.8,9.4,2.1,7.9,22.4,10.5,12.4,8.7,6.8,19.2,8,6,3.5,
28-12-2005,4.2,3.3,6.6,2.2,8.5,25.9,3.9,5.2,5.2,8.8,,10.4,9.7,7.1,
29-12-2005,7.3,3.1,9.4,,7.1,15.1,2.9,4.1,2.8,7.4,19.2,8.4,10.6,9.7,
30-12-2005,15.9,3.4,8.7,3.4,5.3,15.7,2.5,2.8,2.7,6.3,15.2,11.6,9.3,9.1,
31-12-2005,,,,,,,,,2.8,8.1,9.8,6,10.4,6.4,
01-01-2006,5.4,2.8,8,3.3,8.8,14.3,2,13,5.8,13.3,17.4,10.7,6.6,5,
02-01-2006,3.2,3.2,4.8,2.3,3.2,5.7,5.4,,5.1,5.4,12.8,9.4,9.7,7.4,
30-12-2004,11.9,3.3,3.4,6.2,2.6,8.5,1.1,11,2.3,3.3,12.8,7.6,4.1,9.3,
31-12-2004,8.3,2.2,2.8,4.6,3.4,10.8,2.8,11.2,3,3.5,9.5,4,4.9,10.5,
01-01-2005,,,,,,,,,5.9,11.2,8.3,4.9,3.6,7.6,
02-01-2005,3.4,3.1,3.2,3.1,3.3,8.7,2.6,9.9,3.4,3.4,8.5,4,4.9,7.9,
03-01-2005,8.7,3.5,2.5,5.4,5.4,15.5,1.7,11.7,2.6,6.4,11,6.3,2.3,5.8,
04-01-2005,6.4,4,1.9,2.3,3.9,9.7,2.4,16.4,5,10.8,11.2,1.5,4.5,4.7,
05-01-2005,8,4,1.7,4.3,4.5,10.2,1.1,12.8,2.7,3.8,7.6,6.2,4.5,6.6,
06-01-2005,7.8,4,2.4,5.1,6.7,24.4,1.4,19.2,2.9,5.8,11,6.8,5.7,7,
07-01-2005,9.6,5.2,3.1,5.4,5.6,20,1.2,19,2.3,6.3,13.7,4.9,6,4.6,
09-01-2005,6.9,2.7,2,5,4.2,13.3,0.6,12.7,2.7,5.7,8.7,11,7.2,6.4,
10-01-2005,3.8,2.6,3,2.1,6.3,20.9,0.8,13.7,2.5,4,10.1,8.3,11.2,12.9,
11-01-2005,5.1,3.6,3.1,4.9,4.8,2.1,1.6,14.6,3.5,3.6,9.7,4.4,7.2,6.3,
12-01-2005,6.2,4.1,2.4,,4.2,20.9,1.4,13.2,2.2,8.6,12.8,5,3.4,4.5,
13-01-2005,7.8,4,2.8,5,5.3,8.8,1.7,13.8,3.4,4.4,10,9.2,5.5,4.9,
14-01-2005,3.6,3.8,,5,5.7,10.6,1.5,12.7,2.8,5.3,10.3,5.5,6.5,6.5,
15-01-2005,,,,,7.1,0.5,3,,1.6,4.1,6.2,6.5,9,12.4,
16-01-2005,4.5,3.2,3,4.7,5.5,0.5,1.2,14.4,1.5,6.5,6.4,3.7,5.5,6,
17-01-2005,4.5,2.7,2.9,6,4,1,0.9,14.5,2,6.1,6.8,3.4,2.2,4.5,
18-01-2005,4.8,4.9,3.2,2.1,6.2,2.5,1.9,18,2.5,8.5,7.4,5.7,5.5,7.3,
19-01-2005,4.2,3,2.3,3.8,5.5,2,1.2,22.7,2.8,5.7,8.3,6,5.5,7.3,
20-01-2005,4.5,3.4,2.4,,5.6,1.7,,,2.2,5.4,6.3,3.3,6.4,8.8,
21-01-2005,2.8,3,2.1,4,4,1.3,1.7,19.4,2.1,4.4,5.9,2.2,3.2,,
22-01-2005,4,5.5,,,7.2,3,,,2.3,5.7,6.8,4.7,1.6,,
23-01-2005,4.8,2.7,3,2.6,3.6,1.1,2.8,24,2.3,5.7,6.8,4.7,1.7,4.7,
24-01-2005,4.3,3.2,2.5,3.9,4.1,0.6,2,16.4,2.3,8.3,7.4,4.5,5,5.4,
25-01-2005,8.1,3.2,3,,5.7,1.3,,,2.8,3.9,8.8,6.4,4.7,,
26-01-2005,4.9,3.1,2.2,3.5,7.3,3.4,3.3,10.5,4.2,9.7,8.3,4.7,6,8,
27-01-2005,5.8,3.8,3,3.4,7.4,3.9,3,6.1,4.9,5.5,7.2,6.9,3.3,4.4,
28-01-2005,,,,,6.3,2.7,,,4,6.3,9.1,5.2,5,6.4,
29-01-2005,4.9,,2.8,,5.6,2.5,,9.1,5.9,11.2,8.3,4.9,4.7,8.3,
30-01-2005,8.4,3.8,3.1,2.1,6.1,1.7,7,8.6,4.3,8.2,11.2,4.7,4.1,8.8,
31-01-2005,5.5,3.3,3.1,3.8,5.7,1.7,6.7,7.3,6,6.2,7.4,4.5,4.6,6.1,
01-02-2005,5.2,3,2.6,4,4.2,5.5,10.5,8.5,7.3,9.6,9.7,10.6,4.6,,
02-02-2005,4.2,3.1,2.3,,8.5,4.2,9.1,9.7,4.3,5.5,9.4,6.4,9.7,6.4,
03-02-2005,5.5,2.9,2.9,3.6,3.6,5.7,12.2,5.7,7.2,5.6,4.8,4.9,6.4,8.4,
04-02-2005,3.1,3.1,3.3,3.7,4.9,2.4,9.2,6.7,6.6,5.4,9.7,4.2,5.2,6.2,
05-02-2005,,,,,4.8,2.4,,,4.1,5,9.2,5.9,5.8,5.7,
06-02-2005,5.4,2,3,3.5,5.4,2,5.1,7.6,3.8,4.2,6.8,5,5.8,,
07-02-2005,7.6,10.3,3.6,,10.4,5.7,6.6,7.4,2.7,4.6,10.5,4.9,4.4,7,
08-02-2005,11.7,2.8,5.5,3.7,10.4,3.2,7.7,2.8,5.7,5.3,9.5,4.9,4.5,,
09-02-2005,9.6,3.1,3.4,4.2,6.7,2.9,6.2,3.5,5,5.2,7.7,4.4,5,6.1,
10-02-2005,12.5,2.7,2.9,3.3,3.4,3.7,4.4,,2.5,2.9,9.6,4.5,5.7,9.5,
11-02-2005,6.5,3.1,2.8,3.4,2.7,4.6,2.9,5.2,4.4,4,6.4,5.7,4.4,7.2,
12-02-2005,,,,,3.6,3.7,,,3.2,3.8,7.5,4.5,5.2,6.3,
13-02-2005,7.2,,,2.9,4.3,8.9,6,,3.1,3.9,8.5,3.2,4.7,,
14-02-2005,8,3.2,2.5,2.5,3.6,4.2,3.2,7.6,3.8,4.6,8.9,3.6,5,6.3,
15-02-2005,4.2,2.7,2.3,3.5,5.6,2.8,2.8,5.5,3.3,4.5,6.6,4.7,4.5,11.1,
16-02-2005,2.3,2.4,2.1,,4.3,6.9,5,5.5,5.4,4.5,8.5,4.7,5.7,7.9,
17-02-2005,8.3,2.6,3.2,3.3,7.2,5.7,2.7,2.5,3.3,4.3,7.6,5.2,4.7,7.5,
18-02-2005,5.6,2.8,1.7,,7.9,5.1,2.3,11.1,3,5,8.6,5,6.2,7.7,
19-02-2005,3.9,2.7,3,,9.3,5.8,2.7,22,3.8,5.2,9.3,5.2,4.3,9.4,
20-02-2005,7,3.1,2,3.8,10.2,10.5,2.2,30,3.2,3.9,11,6.3,4.5,7.1,
21-02-2005,9,2.9,2.8,3.3,6.7,14.8,3.5,6.2,3.3,20,10.5,6.1,6.1,,
22-02-2005,10.4,2.9,2.7,3.8,6.1,23.1,6.2,8.1,5.3,4.4,13.3,6.4,6.1,,
23-02-2005,9.9,3.2,3.6,,13.7,20.8,8.1,13.5,8.3,8.7,14.9,6.3,6.1,10.2,
24-02-2005,5.6,3,3.1,3.6,10.3,12.7,10.6,8,8.8,8.1,13.7,10.5,7.1,7.1,
25-02-2005,9.6,2.4,2.6,3.5,5.5,14.5,6.5,13.4,6.5,6.1,17.2,11.6,9.2,,
26-02-2005,,,,,7.9,13.8,,,7.2,4.9,8.7,10.9,10.4,14.9,
27-02-2005,6.1,2.7,2.6,3.6,5.3,2.5,6.6,11.8,9.1,9,11.9,14,14.8,18.2,
28-02-2005,2.8,2.3,2.4,3.1,3.3,3.1,2.3,9,4.5,4.5,6.9,9.7,15.4,16.8,
01-03-2005,2.7,2.5,3.2,2.7,3.4,2.8,2.3,21.2,4.5,4.1,6.3,7.5,11,11.7,
02-03-2005,3.8,3.2,2.9,2.5,3.3,2.1,3.5,11.4,3.8,4.4,6.6,6.2,8.2,9.5,
03-03-2005,3.6,2.7,2.7,3.4,2.9,2.2,4.1,8.8,4.3,4.7,7.4,4.3,6.9,9.1,
04-03-2005,2.9,2.4,2.9,2.3,3.8,2,3.6,13.6,5,4.3,5.4,4.6,5.3,5.4,
05-03-2005,,,,,5.4,1.5,,,4.8,3.4,8.1,4.8,3.9,,
06-03-2005,5.6,2.4,2.2,3.5,4.6,12.9,5,13.6,3.1,4,5.5,4,4.4,6.3,
07-03-2005,3.5,2.4,2.8,3.8,4.4,4.8,3.9,9.2,3.8,4.5,6.9,4.6,3,,
08-03-2005,4.5,2.5,2.9,3.3,7,3.3,2.9,,3.9,3.4,8.9,4.1,4.5,7.2,
09-03-2005,4.9,2.3,2.3,,6.1,2.2,5.1,3.4,3.4,2.8,6.9,3.8,3.4,8.5,
10-03-2005,5.6,2.3,2.5,3.4,5.9,1.5,7.3,9.6,4.1,6.5,6.4,3.5,3.2,9.2,
11-03-2005,7.8,2.2,3.2,3.7,2.9,2.7,6,8.5,4.5,5.2,6.8,3.6,3.1,8.3,
12-03-2005,,,,,4.4,2.7,,,5.9,5.8,8.7,3.5,2.6,4.3,
13-03-2005,3.7,2.4,3,3.8,4.2,5.6,2.5,18.5,3.7,4.2,6.8,3.2,4,3,
14-03-2005,4.5,3,1.8,3.6,4.4,3,5.8,8.3,3.5,5,7.5,3.1,3.4,5.7,
15-03-2005,3.6,2.2,4.1,5.7,6.2,7.3,5,7.6,4,3.2,6.9,3.2,2.9,4.9,
16-03-2005,5.5,2.1,6.2,3.7,11.3,4.1,2.4,22,4.8,4.2,9.3,3.2,3.3,4,
17-03-2005,4.8,2.8,4,3.2,5.4,8.1,2.5,16.6,5.2,2.8,8.4,2.8,3.3,5.7,
18-03-2005,3.7,2.7,4.8,3.6,6.3,8.4,4,9.1,4,5.7,9.1,3.9,3.4,4.7,
19-03-2005,,,,,10.4,6.8,,,4.8,5.9,9.5,3.7,3.9,5.4,
20-03-2005,3.7,2.8,3.5,3.1,4,2.9,5.1,17,5.3,7.4,5.9,3.5,3.9,3.6,
21-03-2005,4.5,2.5,2.9,3.7,5.5,7.2,3.6,13.6,5.4,7.8,8.8,3,3.3,4.4,
22-03-2005,6.3,2.2,3.1,3.5,5.5,7,5.7,3.9,5.4,4.5,10.2,3.4,3.2,5,
23-03-2005,4.3,2.5,2.6,3.5,4,2.5,4.9,4.3,6.1,7.3,12,3.9,3.4,6.1,
24-03-2005,6.6,2.5,2.3,3.5,6.6,1.8,7.6,5.6,5.7,8.8,8.6,4.3,6.1,6.9,
25-03-2005,,,,,8.4,1.5,,,5.8,4.2,6,4,4.8,6.5,
26-03-2005,,,,,4.3,5,,,6.5,3.8,10.9,4.4,3.3,4.2,
27-03-2005,3.8,2,3.2,3.4,4.8,4.4,6.1,6.5,5.2,5,7.2,3.7,3.4,6.2,
28-03-2005,4.4,2.5,2.6,3.8,7.7,3.6,6.4,9.5,8,4.6,8.8,3.7,3.7,3,
29-03-2005,6,2.5,2.6,3.7,6.4,3.1,5.8,7.4,6.7,6.7,9.4,3.7,3.8,,
30-03-2005,8,2.5,2.9,3.5,5,1.4,8,5.2,7.4,2.2,9.7,3.9,3.3,3.6,
31-03-2005,3.9,2.4,2,4,3,2.6,5.5,,4.7,5.5,7.9,3.7,4.4,4.1,
01-04-2005,4.6,2.5,3.1,3.7,5.5,2.5,3.1,1.5,3.5,2.8,7.2,3.7,4.2,6.1,
02-04-2005,,,,,6.1,1.8,,,3.5,2.8,7.2,3.8,3.9,5.1,
03-04-2005,3.5,2.7,2.9,3.9,4.2,1.9,4.5,7.1,2.8,8.2,6.8,3.6,3.7,3.2,
04-04-2005,3.4,2.7,3.3,3.3,3.7,2.5,4,6.6,4.2,4.3,6.7,3.5,3.2,,
05-04-2005,5.8,3,3.1,3.3,3.5,2,3.6,7.2,3.7,2.4,7.3,3.6,3.9,4.8,
06-04-2005,4.7,3,3.2,3.1,2.8,2.1,2.2,11.1,3.1,3.9,6.2,2.9,3.5,4.4,
07-04-2005,6,3.5,2.6,,2.6,2.7,2.8,18.2,3.7,5.1,8.2,3.9,2.8,3,
08-04-2005,,,,,4.7,3.2,,,2.9,6.5,6.5,3.2,3.6,2.5,
09-04-2005,,,,,3.3,2.8,,,4.2,5.8,6.6,3.8,3.8,5.8,
10-04-2005,5.3,3,2.1,3,1.8,2.9,3.3,25.9,3.4,4,7.4,2.8,3.1,2.8,
11-04-2005,4.5,3.1,3.1,4.8,6.4,2.5,2.2,30.4,2.9,13.4,6.6,3.2,2.6,2.5,
12-04-2005,9,2.8,2.6,4.3,3.2,2.6,2.8,28,2.5,13.4,8.5,2.9,3.6,4.4,
13-04-2005,,,,,1.9,2.1,,,32,6.8,7,3.4,2.2,1.9,
14-04-2005,7,3.1,2.9,3.9,1.2,2.1,2.9,41.9,2.7,15.8,7.6,4.3,3.5,2.8,
15-04-2005,6.1,3.2,7.8,4.3,2.8,2.1,3.2,30.5,2.9,15.2,8.2,3.3,4.2,3.9,
16-04-2005,,,,,2.9,3,,,3.5,13.1,8.1,3.2,2.9,3.1,
17-04-2005,7.2,3,1.9,3.8,1.5,1.9,3,17.9,4.1,17,9.8,3.8,2.6,1.2,
18-04-2005,6.5,2.6,2,,1.3,2.5,3.2,4.7,3,12.6,4.8,3.4,2.3,1.6,
19-04-2005,4.9,2.9,5.3,3,1.5,2.6,3.2,8.8,2.7,9,5.9,2.6,2.6,2.1,
20-04-2005,7.5,2.9,4.6,3,2,3.1,2.7,11.8,3.8,22,7.8,2.9,2,,
21-04-2005,5.1,2.8,2.3,,1,2.8,3,,3.2,10,5.9,3.5,2.4,1.9,
22-04-2005,4.9,2.4,3.3,3.8,2.3,3.1,2.2,11.4,2.7,9.6,6.2,2.7,1.7,0.6,
23-04-2005,,,,,2.3,3.4,,,2.1,3.5,6.7,2.8,1,0.8,
24-04-2005,4,3.1,3.4,3.4,1,4.1,2.9,14,3.1,4.8,8.3,3,1.2,1.1,
25-04-2005,5.4,3.2,3.5,3.7,2,4.4,2.8,9.2,2,3.8,7.4,2.7,2.5,2,
26-04-2005,4.8,2.6,2.7,2.8,1.7,4.2,2.7,14.4,2.1,3.6,5.8,2.4,1.5,2.4,
27-04-2005,5.6,2.3,2.5,3.9,1.5,4.2,2.8,12.4,4,5,7.9,3.1,1.2,0.3,
28-04-2005,4.7,2.2,2.8,3.6,4.7,5.2,2.9,6.8,3.3,4.8,7.1,3,1.7,1.2,
29-04-2005,4.3,3.4,2.8,4.1,1.7,4.2,2.8,9.6,2.6,4.4,5.4,2.7,2,2,
30-04-2005,,,,,2.4,5.3,,,2.2,3.8,7.4,2,2.3,0.3,
01-05-2005,3.5,2.9,2.2,4.6,1.8,4.2,3.2,14,2.2,4,4,1.6,1.5,2.1,
02-05-2005,3.6,3,3,4.2,1.7,5.1,3,5.5,2.5,3,4.7,1.5,1.5,0.9,
03-05-2005,2.9,3,6,4.2,3.4,5.4,5.9,7.1,3.2,3.3,5.6,1.9,1,0.4,
04-05-2005,5.4,2.4,4.8,3.4,6.1,5.3,9,5.5,4.3,3.4,6.9,1.3,1.6,1.3,
05-05-2005,4.7,3.3,4.8,3.9,3.3,7.3,4.7,5.5,4.5,6,6,2.5,1.5,1,
06-05-2005,6.7,3,5.2,4.2,1.5,7.6,3.5,23,2.6,5.2,6.5,3.1,2.1,1,
07-05-2005,,,,,1.2,3.9,,,2.2,3.5,6.5,3.1,3.6,3.5,
08-05-2005,8,2.8,3,4.1,3.2,4.2,3.3,30.1,2.1,5.5,5.6,2,3.4,3.4,
09-05-2005,6.1,2.9,2.4,4,1.9,2.9,2.9,10.4,2.5,5,5.9,2.7,2.6,1.6,
10-05-2005,5.2,2.5,2.8,4,1.3,2.7,3.2,14.8,2.6,4.5,5.7,2.6,2.2,2.2,
11-05-2005,3.4,2.5,2.3,4.8,0.8,2.9,3.2,16.1,2.5,3.5,5.8,3.1,3.6,3.2,
12-05-2005,5.2,2.3,3.2,4,2,2.5,3.9,19.1,2.8,4.8,7.9,2.6,2.4,1.1,
13-05-2005,,,,,3,3.5,,,2,2.7,7.3,2.5,2.1,2.1,
14-05-2005,,,,,1.4,3.8,,,3.5,21.4,6.8,2.7,3.2,3.2,
15-05-2005,3.4,2.6,2,,1.5,4.2,3.3,13.6,3.2,5,7,2.3,1.9,1,
16-05-2005,6,2.9,1.9,3.8,1.8,3.2,4.4,13,2.1,3.7,5.5,2.7,2.5,2.5,
17-05-2005,7,2.7,1.8,3.1,1.6,3.5,4,11.5,2.8,5.5,5,2.8,2,0.9,
18-05-2005,8.5,2.7,2.1,3.4,1.7,2.9,4.7,15.7,3.2,10,6.7,2.6,2.1,0.4,
19-05-2005,5.6,2,2.3,5.2,1.3,3.6,3.6,13.7,1.9,2.9,8.4,1.8,2.4,2.1,
20-05-2005,7.5,2.5,1.6,,3.5,3.9,3.9,16.9,9.1,3.6,15,2.2,2.1,1,
21-05-2005,,,,,5.9,3.7,,,3,11.2,7.2,2.8,2.6,2,
22-05-2005,3.8,2.8,2.7,4,8.7,8.5,5.4,12.5,3.1,12.5,9.4,3,2,1.7,
23-05-2005,4,2.8,2.1,3.8,1.2,4,4,24.8,3.3,4.8,7.2,2.8,2.7,3.3,
24-05-2005,4.5,2.2,2.7,4.3,4.5,3.1,3.7,7.8,2.4,3.5,6.3,2.6,2.5,,
25-05-2005,4.6,2.1,2.7,4.4,7.3,3.3,3.8,8.8,3,3.5,5.4,2.3,2.2,2.6,
26-05-2005,4.5,2.2,2.6,4.2,4.4,3.5,4.4,13.4,2.7,5.8,6.4,2.8,1.6,1.4,
27-05-2005,2.6,2.9,2.7,3.9,7.9,3.8,3.5,12.6,2.2,9.2,5.4,2.1,2.9,2.3,
28-05-2005,,,,,4.2,3.9,,,2.9,5.7,6.2,2.4,2,1.6,
29-05-2005,2.7,2.6,3,4.4,3.8,4.1,4.2,15.4,2.8,16.4,7.2,5.4,2.4,2.3,
30-05-2005,2.2,2.8,2.4,3.9,1.8,3.3,2.7,20.6,2.8,7.9,7.1,2.1,4,3.5,
31-05-2005,6.1,2.8,2.4,3.9,0.9,3.1,4.3,16.6,1.9,4.7,6.2,2.2,3.2,3.3,
01-06-2005,4.1,2.6,2,3.8,7.4,2.9,3.6,14,3.1,7.3,6.6,2.4,3,2.7,
02-06-2005,6,2.8,2.3,3.4,7.2,3.6,3,28.3,3.4,4.6,6.2,2.8,2.6,3.5,
03-06-2005,5.7,2.7,2.6,4,5.7,3.3,3.3,20.8,2.3,5.2,5.6,2.8,3.8,4.1,
04-06-2005,,,,,7.2,3.7,,,2.1,4.2,7.1,3.1,2.4,4.2,
05-06-2005,5.8,3.6,2.2,4,8.8,4.1,3.6,31,2.2,8.3,6.5,2.6,2.5,2.6,
06-06-2005,5,2.7,2.6,3.4,6.2,3.7,4.7,29.3,3.1,10.2,6.8,2.8,3.5,,
07-06-2005,5,3.1,3,3.5,3.6,3.1,5.1,21.3,2.9,9.7,6,2.7,3.1,,
08-06-2005,5.2,2,2.4,2.4,2.7,4.8,5.2,23.5,3,11.7,7.2,2.1,2.8,3.2,
09-06-2005,3.2,2.2,2.6,4,6.5,3.4,6.6,27.3,2.6,5,5.6,2.4,3.4,4.1,
10-09-2005,,,,,,,,,,,,2.4,2.1,2.7,
11-09-2005,7.1,3,2,2.8,1.8,3.7,1.2,13.4,2.7,17.5,7.2,3.1,1.5,0.9,
12-09-2005,6.3,2.6,3.6,2.7,1.6,1.5,1.3,13,2.4,6,9.1,2,1.7,1.5,
13-09-2005,8.1,2.6,2,3.6,7.6,11.9,1.6,10.9,2.4,13.2,7.9,2.3,1.5,0.1,
14-09-2005,8.8,2.5,2.4,3.4,2.5,10.2,1.1,13.6,2.2,5.9,8.5,2.4,1.9,0.5,
15-09-2005,9.4,3,2.2,3.4,3.8,2.6,1.1,14.2,2.2,4.8,6.8,3,2,,
16-09-2005,10.7,2.6,2.6,4.3,2.3,4.4,1.2,14.1,1.7,4.6,6.8,2.4,1.6,0.5,
17-09-2005,,,,,,,,,,,,3.8,2.2,0.9,
18-09-2005,10.4,3,3.4,4.4,2.3,10.5,1.7,8.2,2.2,6.4,8.2,3.2,2.3,2.2,
19-09-2005,13.1,2.3,2,,2.6,2.7,1.4,12.5,3,8,11,3,2.1,1.6,
20-09-2005,11.9,3.3,2.2,3.8,9.7,1.3,3.8,14,2.4,6.7,11.5,4.3,4,0.9,
21-09-2005,5.6,3.6,2.8,4.6,2.7,2.6,1.7,13.9,2.1,8.9,12,3.7,4.2,0.7,
22-09-2005,7.8,3.7,2.5,4.4,2.9,3,2.1,17.8,2,6,8.5,5.2,5,4.2,
23-09-2005,7.1,3.5,2.1,4.6,1.5,3.1,3.2,10,2,11.2,11.8,2.7,4.8,1.8,
24-09-2005,,,,,,,,,2.3,12.9,9.8,4.6,4.4,3,
25-09-2005,8.4,2.7,2.7,4.6,2.1,5.4,1.6,15.8,1.6,6,9.9,2.8,3.6,2.5,
26-09-2005,7.3,2.1,3,4.5,2.3,3.2,1.8,15.2,1.8,8.4,10.1,2.9,3.1,2.4,
27-09-2005,8.2,2.4,2.1,4,2.2,1.2,1.2,9,1.6,9.1,8.1,2.1,1.4,0.5,
28-09-2005,6.9,2.3,1.8,,1.8,3.1,1.4,13.7,1.7,4.3,8.5,3,1.8,0.1,
29-09-2005,8.1,2.2,2.8,4,1.3,6.9,7.7,10.5,2.1,5,7.7,1.7,1.5,1,
30-09-2005,6.8,2.6,2.6,,0.9,7.5,22.7,12,1.8,5.1,8.5,1,2.9,2.3,
01-10-2005,,,,,,,,,3.1,5.7,11.5,,2.5,0.7,
02-10-2005,7.6,2.8,3.1,3.7,1.1,22,11.5,16.4,2.4,5.1,13.7,1.7,1.8,0.2,
03-10-2005,4,1.8,3.2,4.2,1.4,23.4,2.3,17.4,3.4,6,13,3.5,1.5,0.1,
04-10-2005,9.3,2.7,3.8,3.7,1.7,24,2.8,19.5,2.4,8.5,10.2,4.5,2.7,1.3,
05-10-2005,17.3,2.2,3.1,3.1,1.4,24.6,5.6,7.9,2.1,15.3,19,6.6,5.2,0.3,
06-10-2005,12.4,2.1,2.4,4.5,1.4,34.7,4.2,13.9,3,7,20.4,8.2,6.8,1.6,
07-10-2005,8.1,2,1.9,3.9,2.4,38.5,5.3,17.5,2.4,7.5,11.4,6.1,10.2,6.1,
08-10-2005,,,,,,,,,2.8,7.1,11.7,5.6,11.9,6.8,
09-10-2005,7.2,2.5,3.1,4.4,1.2,1.1,4.4,13.4,2.9,6.9,10,3.7,6.5,3.5,
10-10-2005,7.2,1.9,3,3.6,1.2,14.9,4.5,14.9,2.3,12.8,11.5,4.5,4.8,3.8,
11-10-2005,,,,,,,,,2.2,7.4,14.8,5.4,5.2,2.8,
12-10-2005,9.2,2.3,2.9,5,0.8,27.1,8.9,9.2,2.1,7.2,11,5.1,7.1,5,
13-10-2005,7.6,1.7,2.8,,1.2,39.7,5.5,19.5,5.8,6.3,12.1,4.7,8,6.1,
14-10-2005,6.5,2,2.9,3.6,1.4,7.1,4.5,12.6,3.2,5,9.4,4.4,4.9,3.9,
15-10-2005,,,,,,,,,5.2,5,14.1,3.5,5.8,3.7,
16-10-2005,11.5,2.1,3.7,4.2,1.8,17.6,18.9,17.2,8.3,12.1,12.1,2.5,3,3.4,
17-10-2005,9.3,2.2,2.2,3.8,0.8,39.5,4.9,17.8,11.2,6.4,15.6,3.2,1.1,1.9,
18-10-2005,8.4,2.6,3.1,4.6,0.8,28.6,9.8,27,4.2,10,18.7,5.2,2.7,1.7,
19-10-2005,6.7,2,3.2,3.2,0.9,38,4.9,12.4,5.8,4.4,18,5.8,4.9,5.3,
20-10-2005,9.7,2.4,3,3.6,1.4,9.3,6.4,22.2,4.1,14.6,12.5,5.8,18.3,17.1,
21-10-2005,11.5,2.9,3.6,,1,3,9.3,26.2,4.7,26.1,12.9,6.7,7.7,4.5,
22-10-2005,,,,,,,,,4.5,15.8,10.2,4.8,4.7,4.9,
23-10-2005,8.4,1.6,4,2.5,1.6,7.4,4.5,31.2,3.3,11.4,12.4,7.6,6.6,,
24-10-2005,11,2.1,7.2,3.1,1.5,4.9,5.8,25.8,2,35.1,15,9.7,8.7,7.2,
25-10-2005,8.6,2.2,7.8,3,1.5,4.4,6,22.5,4.7,6.7,11.2,6.5,6.3,4,
28-04-2006,2.8,2.8,2.8,1.4,2.9,3.9,1,1.4,2.3,4.8,7.7,2.3,2.7,0.5,
29-04-2006,,,,,,,,,2,4,8.5,2.1,2.5,0.5,
30-04-2006,2.4,3,4.3,6,0.9,1,1.2,1.9,1.9,5.1,8.6,2.4,1.6,0.2,
01-05-2006,3.3,2.1,1.9,1.7,3,6.2,1.2,1.2,2.7,8.3,9.1,3.4,1.1,0.2,
02-05-2006,4.1,2.8,2.2,1.3,1.6,3.2,3.5,1.3,2.2,6.7,8.4,3.6,2.7,2,
03-05-2006,5.3,3.8,5,2,2,3.8,0.8,1.6,1.9,5.6,8.3,2.8,2.8,0.8,
04-05-2006,6.1,2.6,4.5,1.9,2.4,4.3,0.9,1.1,1.5,5,8.5,4.5,2.2,0.5,
05-05-2006,2.2,6.2,4.3,4,5,4.4,1.2,1,1.6,5.3,8.7,2.8,3.1,2.4,
06-05-2006,,,,,,,,,1.6,4.6,8.5,4,2.9,2.3,
07-05-2006,3.2,2.6,3.6,8,4.4,6,1.1,4.8,1.5,4.8,5.9,3.8,4.6,3.2,
08-05-2006,2.5,3.5,3.8,4.7,3.1,5.5,2.2,2.2,1.6,6.3,10.4,4,4,2.8,
09-05-2006,2.8,3.2,5.3,,3.2,6.4,1.3,2.2,2.6,6.4,7.8,2.4,3.5,2.2,
10-05-2006,6.5,2.2,5.8,6.8,2.8,3,1.2,3.4,1.8,5.1,8.1,2.7,3.8,2.4,
11-05-2006,2.8,3.1,3.1,4.8,2.2,4.2,0.9,8.3,1.1,2.8,9.2,3.1,3.7,1.2,
12-05-2006,4.7,2.8,4.5,4.3,3,3.7,0.9,1.7,1.7,1.7,7,3.4,2.3,0.9,
13-05-2006,,,,,,,,,1.5,5.7,7.8,2.5,3.7,1,
14-05-2006,3.8,2.5,3.2,,3.7,4.5,1.1,,1.5,6,8.2,2.7,2.6,0.7,
15-05-2006,3.9,2.7,4,5.3,2.6,4.2,0.9,,1.2,4.4,8,2.4,2.1,0.9,
16-05-2006,3.1,3.2,3.5,4,1.8,4.5,1.3,2.4,1.4,6.4,7.1,2.9,1.1,2.6,
17-05-2006,4.8,,,5,1.5,,0.7,2.8,1.8,7.4,6.6,3,2.7,2.4,
18-05-2006,2.6,2.7,2.8,,1.9,2.4,0.8,2.7,1.8,3.4,6.6,3.5,3.2,1.7,
19-05-2006,2.8,2.6,9,5.2,1.9,2.3,0.7,2.4,1.7,4.5,6,3,3.5,0.8,
20-05-2006,,,,,,,,,1.6,6.1,8.3,3.2,1.5,3.1,
21-05-2006,4.6,2.2,15.7,7,3.9,2.4,0.7,0.8,1.4,5.3,6.1,4,4.2,4.5,
22-05-2006,3.5,2.8,2.9,4.8,1.6,3.6,0.7,,1.6,5.5,8,3.5,4.4,2.4,
23-05-2006,4.7,3,2.7,4.9,2.8,6.6,0.8,4.4,1.6,6.7,9.8,4.1,1.9,1.6,
24-05-2006,3.4,3.9,3.2,,3.1,6.6,0.7,1.3,1,6.5,7.5,3.1,4.4,0.6,
25-05-2006,3.7,1.5,4,2.6,2.7,5.1,0.9,2,1.1,5.2,8,3.3,3.1,1,
26-05-2006,5.7,3.9,3.1,4,7.7,9.3,0.8,1.8,1.7,4.6,9.6,3.2,3.6,0.4,
27-05-2006,,,,,,,,,5.5,5,14,1.6,3.3,0.4,
28-05-2006,3.7,3.8,2.8,6.4,4.6,3.2,1,0.8,1.8,4.8,9.5,5.5,1.3,0.9,
29-05-2006,6.5,1.8,4.2,4.5,3.2,4.5,1.2,1.1,,3.8,10.4,2.3,3.2,1.6,
30-05-2006,3,4.5,3.7,1.2,1.5,3.9,0.9,1.5,1.7,7.5,11.6,4.4,3,1.8,
31-05-2006,4.5,4.4,3.1,6.7,2.3,4.8,0.9,2.1,2.2,4.5,8.6,2.9,3.7,3.4,
01-06-2006,6,3.4,4.1,4.5,3.3,4.5,1.3,2.2,2.5,4.7,8.9,3,3.7,1.1,
02-06-2006,6.5,2.7,4,9.1,2.2,2.5,2.1,1.4,3.7,6.4,10.5,4.7,2.9,0.8,
03-06-2006,,,,,,,,,3,4.2,9.4,5,3,0.4,
04-06-2006,3.6,3,4,,4.5,6.8,4.8,,2.4,6,10,3,4.7,4.4,
05-06-2006,13.1,1.4,4.2,5.7,1.9,6.3,1.4,1.1,4.4,5.1,8.4,4.1,4.1,1.4,
06-06-2006,5.1,1.3,3.7,3.7,1.7,3,0.9,0.9,4.6,3.8,9.4,3.8,5.9,1.7,
07-06-2006,5.1,1.9,2.7,5,1.7,4.8,0.8,2.9,1.2,6.3,17.1,3.8,3.3,2.2,
08-06-2006,2.4,1.1,4.1,1,3.2,8.9,0.8,0.7,1.4,3.8,8.6,2.1,4.3,1.5,
09-06-2006,6.4,2.3,4.6,5.9,1.4,10.4,1.2,1.4,1.6,6.8,13.4,4.1,2.4,1.8,
10-06-2006,,,,,,,,,1.8,6.7,11.1,4.7,7.4,5.5,
11-06-2006,1.7,2.8,3.5,2.9,6.7,4.8,1,1.8,2,4.3,8.8,3.3,4.3,2.9,
12-06-2006,5.5,3.1,1.2,1.8,2.4,4.1,0.8,1.3,4.8,4.4,16.3,3.1,2.5,1,
13-06-2006,6.2,2.5,1.9,1.6,8.2,4.7,0.9,1.3,2.4,5.6,10.1,3.9,,,
14-06-2006,5,1.5,3.5,5.9,0.7,3.3,0.8,0.9,1.6,6.6,9.1,5.1,3.6,2.9,
15-06-2006,5.5,1.4,2.8,1.5,1.3,5.3,0.7,2.2,1.5,7.4,7.1,3.9,,,
16-06-2006,3.1,2,2.6,4.6,2.9,7,0.8,1,1.9,3.8,10.9,4.1,3.5,1.9,
17-06-2006,,,,,,,,,1.6,7.1,14.1,3.2,,,
18-06-2006,5.6,2.7,4.7,4.4,2.6,6.5,1.1,0.9,1.6,6.3,10.5,3.4,3.5,0.5,
19-06-2006,5.3,3.3,5.5,4,1.4,7.5,0.7,1,1.8,3.8,10.2,4.4,2.5,0.3,
20-06-2006,4.6,1.9,8.4,5,1.5,5.1,0.7,1.4,1.2,1.6,8.2,3.8,2.1,0.6,
21-06-2006,3,2.5,8.5,2.6,0.9,3.8,0.8,1,1.6,5.4,7.7,4.4,4.5,1,
22-06-2006,3.1,2.7,3.6,4.4,2.7,5.4,0.7,1.2,2.1,7.8,9.6,3.8,4.1,2.1,
23-06-2006,2.4,2.5,4,5.3,2.9,3.5,0.8,1.4,2.2,4.6,9.6,4.1,2.9,1.1,
24-06-2006,,,,,,,,,2,5.2,9.7,5.7,4.6,3.1,
25-06-2006,7.9,2.8,4.4,1.3,5.8,3.5,0.8,1.1,1.4,5.2,13.5,4.8,3.6,3.7,
26-06-2006,3.7,3.2,4,3.3,3.6,3.4,0.9,0.8,1.5,5.4,9.5,4.5,4.3,2.7,
27-06-2006,6.2,2.9,1.5,2.4,4.3,3.2,0.9,0.8,1.6,5.4,9.8,3.6,3.1,1.8,
28-06-2006,3.3,2.2,3,3.6,4,3.8,1.3,0.9,1.3,3.9,8.6,5.7,2.5,0.6,
29-06-2006,5.2,2.7,2.2,3,4,3.9,0.8,1.1,1.4,5.2,9.3,5.2,3.9,1.6,
30-06-2006,5.8,1.9,1.3,2.9,11.3,3.8,0.7,,2.6,4.9,9.4,5.5,3.8,3.5,
01-07-2006,,,,,,,,,2.1,4.8,10.7,5.2,4.1,1.4,
02-07-2006,3.8,2.7,4.8,5.5,1.8,3.4,0.7,1.4,1.2,4.3,10.1,3.6,7,3.9,
03-07-2006,3.2,2.3,1.8,2.6,1.5,3.8,1.4,,2.7,5.1,10,5.6,,,
04-07-2006,3.4,3,3.8,1.8,1.7,5.4,1.8,,6.4,4.5,9.2,3.7,4.8,5.6,
05-07-2006,3.3,2.8,2.5,3.9,1.1,3.2,1,1.2,2.8,3.5,7.4,3.5,,,
06-07-2006,3,2.5,3.2,6.4,2.6,2.2,0.9,4.1,3,6,13,1,3.3,,
07-07-2006,5.5,1.8,1.6,2,2.7,4.3,0.8,2.3,4.7,3.7,9,6.6,3.1,4.1,
08-07-2006,,,,,,,,,3.4,4.6,10.2,3.4,4.1,4.2,
09-07-2006,3.6,2.7,2.5,5,7.9,3.5,0.7,2.3,2.5,4.8,8.5,2.2,2.3,0.5,
10-07-2006,3.6,3,1.5,3.7,4.2,5.3,0.8,2.8,3.7,2.8,11.7,4.8,2.3,1.1,
11-07-2006,5,2.4,1,2.5,3.8,4.7,0.7,5.6,2.1,3.6,12.3,5.8,2.8,1.4,
12-07-2006,4.3,2.3,2.2,2.4,7.9,2.7,0.7,2.1,2,5,8.8,2.8,4.1,1.6,
13-07-2006,4.6,2.1,1.2,2.8,3,6.5,1.1,2.1,7.8,3.6,9.7,5.7,,1.1,
14-07-2006,4.3,1.7,1.3,2.9,5,3.5,0.9,,3.2,8.2,10.2,3.7,4.9,3.8,
15-07-2006,,,,,,,,,2.5,4,9.7,8.6,4,1.9,
16-07-2006,4.7,2,1.8,3,6,3.7,1.7,1.1,2.2,,10.1,5.3,3.8,2.7,
17-07-2006,4.8,3.8,1.7,1.6,2.8,2.5,1,1.3,5.4,3.6,9.5,6.3,7,4.9,
18-07-2006,3.3,2.1,1.4,3.6,2.1,4.1,1,5.3,2.1,15.7,6.5,4.4,3.8,5.9,
19-07-2006,5.7,1.7,1.5,1.7,2.4,9.7,0.9,9.5,1.8,5.6,9.9,3.2,7.7,7.6,
20-07-2006,3.7,1.7,1.1,4.1,2,6,0.8,1.5,4.6,7.1,12.9,2,3.3,1.6,
21-07-2006,3.5,3.1,1.9,6.4,6,3.8,0.8,13.5,2.2,4.4,8.6,6,3,1.3,
22-07-2006,,,,,,,,,3,16,10.9,3.2,4.9,3.5,
23-07-2006,2,2.5,3.9,3.9,4.7,1.9,1.7,5.6,2.8,9.2,8.4,4.8,3.8,3.7,
24-07-2006,8.4,2.3,2.4,2.9,10.8,4.2,0.9,7.2,2.6,11.7,7.7,4.5,2,1.6,
25-07-2006,3.2,2,3.2,,,2.6,1,1.3,1.7,4.9,8.5,3.5,4.9,1.9,
26-07-2006,5.3,2,3.2,2.3,2.7,1.9,1,3.2,1.6,5,12.4,2.6,2.3,0.7,
27-07-2006,8.2,4.1,1,2.7,0.9,2.7,0.8,,2.3,5.2,6.7,4.7,1.2,1.2,
28-07-2006,3.7,2.4,1.5,,4.6,5.5,0.8,3.2,2.3,4.6,6.8,3,3.8,5.1,
29-07-2006,,,,,,,,,3.4,4.2,8.6,4.3,4.3,1.2,
30-07-2006,2.2,2.6,2.8,1.4,2.2,4.6,0.9,4.7,3,5.2,11.4,4.2,6.9,5.4,
31-07-2006,4.6,1.9,2.8,2.2,6.5,6.7,3,12.8,3.8,5.6,9.1,4.5,,,
01-08-2006,6,2.8,2.7,6.3,5.7,7.1,1.1,3.4,3.9,4.8,9.4,8.9,8.5,5.9,
02-08-2006,2.9,2.7,1.8,1.4,12.5,7.5,1.1,,7.2,5.2,15.2,3.6,7,8,
03-08-2006,,1.8,,,2.9,5.3,0.8,2.2,7.2,5.2,16.8,6.7,2.5,0.4,
04-08-2006,7.2,2.5,2.9,1.6,1.8,4.3,0.9,6.7,6,5.4,12.1,4.6,2.7,1.2,
05-08-2006,,,,,,,,,5.3,5.9,12.2,7.3,6.8,0.9,
06-08-2006,13.4,2.8,2.6,1.5,6.6,6.8,0.8,3,5.1,13.1,16.8,10,2.4,0.4,
07-08-2006,6.8,2.2,1.6,2.4,1.3,3.1,0.8,,3,6.9,9.9,4.9,5.8,4.4,
08-08-2006,6,1.4,1,3,1,3.5,0.7,,4.6,5.5,9.1,6,3.9,1.9,
09-08-2006,5.6,2.6,0.8,,3.3,2.6,0.9,1.5,4.7,4.8,10.5,6.8,5.8,5.6,
10-08-2006,10.8,2.1,0.9,2.9,2.1,4,0.6,3.9,4.3,6.5,10.8,6.4,6.6,4,
11-08-2006,7,2.1,1.7,2.6,3.8,4.5,0.9,1.6,3.4,5.6,8.7,4.7,6.7,4.8,
12-08-2006,,,,,,,,,3.9,6.6,9.6,5,,,
13-08-2006,5.6,1.6,2.8,3.9,0.9,3.2,0.6,4.5,2.9,5.1,9.6,8,3.7,1.4,
14-08-2006,,,,,,,,,2.3,9.4,8.6,5.3,6.7,6.1,
15-08-2006,5.9,2.8,3.3,3,1,3.4,1,4.7,3.1,7.3,10.7,6.4,6.3,3.2,
16-08-2006,6.2,2.3,2,3.1,0.9,5.2,0.7,2.1,5.7,6.5,9.6,6.8,5.5,1.6,
17-08-2006,3.6,1.7,2.9,3.9,3.8,4.3,0.8,1.3,3,6.6,11,6.9,6,2.3,
18-08-2006,6.1,1.7,1.9,2.3,3.9,9.8,0.6,1.9,3.8,8.5,11.5,7.5,5.1,3.3,
19-08-2006,,,,,,,,,3.2,5.6,12.5,4.3,5.7,4.3,
20-08-2006,11.2,2.2,1.5,2.7,0.9,4.2,1.1,1.3,3.1,5.1,12.9,5.8,,1.5,
21-08-2006,4.8,1.7,1.8,5.2,2.1,2.4,0.7,1.5,2.7,9,8.7,6.3,5.3,3,
22-08-2006,7.1,2.2,1.4,4.8,2.2,5.5,0.8,3.3,2.6,4.9,6.8,5.8,5.9,5,
23-08-2006,4.4,1.4,0.8,4.4,2.1,3.4,0.7,2.5,3.1,4.7,7.2,5.4,3.5,2.5,
24-08-2006,2.8,1.9,2.1,1.7,1.4,3,2.1,2.6,2.9,6,9.1,7.6,4,3.4,
25-08-2006,4.5,1.9,1.7,2.3,1.9,3.5,0.7,3.6,3.9,9.4,6.5,4.2,5,4.4,
26-10-2005,9.9,2.1,3.3,3.9,1.2,3.5,8.7,19.8,3.1,13.9,8.9,6.3,5.3,3,
27-10-2005,12.5,2.2,5.4,3.5,0.9,5,10.2,21,3.3,9.1,9.6,4.1,5.3,7,
28-10-2005,6.9,2,10.5,3.3,1.6,9.2,5.1,15.1,12.2,20.4,11.1,8.7,,,
29-10-2005,,,,,,,,,7.4,,10.9,3.5,10.6,9.7,
30-10-2005,9.8,2.4,4,4,3.4,4.2,4.4,,1.7,,10.8,3.5,,4,
31-10-2005,,,,,,,,,2.7,,10,3.6,3.4,17,
01-11-2005,,,,,,,,,2.3,24,11.3,6.7,3.8,2.7,
02-11-2005,9.9,2.5,3.8,3.4,2.2,4.4,3.1,,2.2,12.9,11.4,4.7,6.3,4.1,
03-11-2005,,,,,,,,,11.6,15.9,11.9,8,3.3,1.4,
04-11-2005,15.1,2.5,5,4.4,3.2,9.8,3.2,8.7,2.6,28.2,11.2,6.5,8.4,7.3,
05-11-2005,,,,,,,,,4.6,11.6,10,4.2,5.1,5.3,
06-11-2005,9.3,2.3,3.4,,1.6,7.7,8,12.9,3.1,28,11,6.2,4,1.3,
07-11-2005,8.7,2.8,7.9,3.3,2.5,10.7,6.3,17.2,4.1,34.2,7.7,8.5,3.8,2.8,
08-11-2005,8.5,2.5,4.9,,2.7,4.5,4,11.8,12.6,24.7,17.8,8.6,9.9,6,
09-11-2005,7.5,2.5,6.1,3.2,2.1,4,3.4,6.9,2.8,34,8.4,4.7,9.7,9.5,
10-11-2005,9.2,2.4,4,3,1.4,7.5,2.5,12.5,2.3,13.8,7.9,5.7,5.8,4.8,
11-11-2005,10.4,2.2,5.5,3.7,2.1,1.8,2.2,13.8,3.6,7.5,10.1,5.1,8.7,6.1,
12-11-2005,,,,,,,,,2.4,16.3,8.9,2,,,
13-11-2005,15.7,2.8,4,3.5,2.1,5.6,3.2,17,2.3,8.7,10.1,3.2,2.4,2.2,
14-11-2005,9.6,2.6,2.6,4.3,1.9,7.8,3.4,18.8,2,10.5,8.6,2.6,2.2,2.6,
15-11-2005,8.1,2.6,5.6,3.7,3.8,16.5,3.3,13.3,3,11.6,10.2,3,1.3,1.3,
16-11-2005,11.1,2.6,3.5,2.8,1.5,18,4.2,18.6,1.7,7.1,11,3.3,1.4,2.2,
17-11-2005,9.2,2.4,7.3,2.8,2.3,9.5,2.1,22.8,2.8,7.1,8.8,3.5,1.6,1,
03-01-2006,18.3,3,8.3,3.6,4.3,8.5,3.3,13.7,3.6,4.7,17.3,6.8,8.3,6.9,
04-01-2006,15.8,2.4,11.4,4.3,4.3,29.7,4.5,11.2,5.8,5.4,13,3.7,5.7,4.3,
05-01-2006,9.8,1.3,10.7,1.3,2.5,35.5,3.7,19.5,6,7,17.2,4.9,3.9,1.6,
06-01-2006,19.4,3.5,7.6,1.8,6.4,35.2,3.6,9.1,6.3,8.3,5.3,5.3,5.7,3,
07-01-2006,14.5,,,,,,,,7.3,7.9,15.1,7.4,5.6,5.8,
08-01-2006,7.7,2.8,5.8,3.2,3.2,32.4,3.2,15.3,8.7,8.9,19,6.9,6.8,6.4,
09-01-2006,17,3.1,9.6,,3.6,41.3,2,16.5,3.7,15.4,24.2,6.7,10.5,8.1,
10-01-2006,11.9,4.2,4.6,3.4,3.4,49,2.6,17.6,2.6,7.1,27,8,11.1,10.4,
11-01-2006,5.5,,,,1.4,45.5,4.4,16.7,2.4,6.4,21,4.8,12.3,10.2,
12-01-2006,6.7,1.4,4.4,1.7,3.4,14.2,2.4,19.2,4.7,7.2,10.3,10.8,6.3,3.1,
13-01-2006,5.5,,,,,,,,4.7,9,8.9,8.9,,,
14-01-2006,8.2,,,,,,,,8,17,17.6,9.5,,,
15-01-2006,14.1,2.4,4,2,2.9,12.9,2.4,22.8,6.4,10.1,17.5,10.8,,,
16-01-2006,19.2,1.5,3.3,3.5,4,21,2,18.5,4.3,6.8,11.7,4.9,10.4,10.7,
17-01-2006,15.2,0.8,3.8,3.3,3.9,21.6,2.2,18.2,4.2,6,19,10.4,4.8,6.1,
18-01-2006,13.8,0.8,5.7,3.4,5.6,30.6,2.4,21.2,3.1,4.7,17.7,10.6,10.2,10.9,
19-01-2006,15.2,0.9,5,2.2,7,13,2,21.9,2.6,5.6,16.3,7.7,12,9.8,
20-01-2006,15,0.9,3.9,3.3,1.2,9.2,8.3,25.2,8.9,14.7,11,7.3,6.2,5,
21-01-2006,4.8,,,,,,,,4.6,10.6,13,8.4,6.3,5.7,
22-01-2006,9.7,1.6,3.8,2.7,3,15.6,3.8,19.6,3.6,13.8,10.9,7,7.5,7.6,
23-01-2006,6.8,0.7,10,4.3,4.2,17,2,15.9,3.7,11,11.5,4.7,8.3,7.1,
24-01-2006,7.7,1.4,4.4,,2,12,2.1,20.5,2.9,7.1,10.2,6.2,4.5,3.1,
25-01-2006,15.7,,,,,,,,3.2,8.9,15.5,6.9,5.1,7.6,
26-01-2006,14.9,1.8,4.9,3.1,4.1,10.6,2.5,10.8,2.8,5,11.5,4,6.5,5,
27-01-2006,13.6,0.8,10.4,3.5,2.9,9.4,1.5,19.6,2.7,4.8,14.8,4.2,5.1,0.89,
28-01-2006,8.3,,,,,,,,2.9,8.2,13.2,4.7,3.8,1.4,
29-01-2006,4.4,1.8,5.1,4.6,3.1,6.8,1.9,9.8,2.6,6.7,7.2,6.3,5.5,3.4,
30-01-2006,8,0.7,5.9,,2.7,3,1.6,11.4,3.5,6.6,11.8,6.5,4.8,1.8,
31-01-2006,4.9,0.9,2.9,1.7,5.2,7.6,1.3,11.3,2.6,9.3,11.6,5.2,4.8,,
01-02-2006,10.3,1.3,3.1,1.6,3.3,9.4,5.3,18.6,2.4,5.5,15.4,6.1,5.3,0.4,
02-02-2006,11.6,1.3,3.5,1.3,3.1,3.5,2.2,3.4,5.1,4.6,9.8,6.9,6.2,3,
03-02-2006,9.2,1.8,3.3,3.5,3.4,4.1,2.5,,3.1,5.1,8.7,5.3,5.5,6.7,
04-02-2006,10.4,,,,,,,,4.2,4.3,15.6,7.2,5.2,5.6,
05-02-2006,11.9,2.3,5,,1.3,5.7,6.3,1.9,4,7.5,14.9,5.4,6.4,,
06-02-2006,19.6,1.8,4.2,1.4,1.9,6.2,1.6,11.4,2.3,8.8,13.8,4.9,9.4,,
07-02-2006,18.3,2.5,5.7,3.9,2.2,5.6,4.6,2,4.7,13.3,11.6,4.8,4.8,5.7,
08-02-2006,14.2,3.1,9.3,3.4,2.3,4.4,1.8,2.7,2.3,6.2,12.8,6.2,5.3,5.3,
09-02-2006,10.2,3.2,8.9,5.4,2.8,7.9,2.7,3.7,3.5,4.6,13.1,4.4,6.7,6.2,
10-02-2006,11.1,2.9,1.4,5.7,2.5,3,1.4,13.7,2,3.8,10.3,3.7,4.9,3.1,
11-02-2006,,,,,,,,,1.8,4.6,8.6,4.4,4.7,3.6,
12-02-2006,7.9,2.5,4,,4.2,4.3,2.5,3.6,2.2,5.4,15.8,3.3,6.7,4.6,
13-02-2006,8.8,2.7,5.1,4.2,3,5.2,1.9,4.3,4.3,3.7,9,3.9,2.9,0.9,
14-02-2006,8.9,2.8,3,4,3.4,2.6,1.6,5.2,2,5.1,8.9,4.4,4.3,3.5,
15-02-2006,7.6,2.7,3.5,4,2.3,1.5,1.4,2.2,2,4,10.1,2.7,4.2,4.2,
16-02-2006,7.4,2.9,2.4,5.5,2.9,4.3,1.8,2.7,1.8,4.2,6.8,0.8,4.2,3,
17-02-2006,4.7,2.7,1.4,4.7,1.3,2.7,1.6,6,2.4,5,13,3.2,1.7,0.4,
18-02-2006,,,,,,,,,3,5.1,11.7,2.4,4.2,4.4,
19-02-2006,12.8,2.9,4,6.4,9.8,0.9,1.8,3.5,2.2,4.2,7.4,1,2.8,2.5,
20-02-2006,,6.3,,,3,,1.5,,,,,2.2,,,
21-02-2006,7.3,7.2,6,2.6,4,0.9,1.4,4.4,2.3,8.2,5.6,2.2,1.1,0.9,
22-02-2006,2,3,4.8,3.8,5.8,1.2,1.5,12,2,4.8,6.7,1.5,3.5,3.8,
23-02-2006,4.4,3.2,4.8,2,12,1.6,1.6,3.3,4.1,7,12,1.6,1.6,1.8,
24-02-2006,16.4,,4.3,,13,3.1,1.7,4.7,2,3.3,15,1.7,1.2,0.8,
25-02-2006,,,,,,,,,2.1,4.3,8.4,0.9,1.7,0.3,
26-02-2006,13.5,1.8,3.8,2.2,9.8,2.4,2.1,20.8,2.5,10.1,10.1,2.3,0.8,0.1,
27-02-2006,10,3,2.4,2.6,14.2,8.2,1.6,14.8,2.2,5.2,9.2,1.7,2.1,0.2,
28-02-2006,12.7,2.7,1.6,3,16.4,11.3,2.8,24.2,2.3,7.1,15.7,1.1,1.9,0.1,
01-03-2006,8,2.2,2.8,2.9,12.2,18,3.5,13.1,7.7,3.8,12.9,2.2,1.7,0.3,
02-03-2006,14,1.5,5.3,2.1,8,19.9,1.8,4.8,1.7,3.5,9.8,3.5,2.1,,
03-03-2006,13.3,2.5,2.8,1.5,22.6,7.3,2.6,14.1,4.3,4.1,10.4,4,4.2,2.2,
04-03-2006,,,,,,,,,1.8,4.3,16.6,5.05,3.9,1.8,
05-03-2006,14.4,2.5,3.4,4,8.7,16.7,3.5,25.5,5.4,7.1,13.7,7.1,2.7,2.5,
06-03-2006,13.5,,5.8,2.4,19.4,5.2,2.3,31.2,2.5,8.7,10.7,2.9,5.7,1.7,
07-03-2006,10.1,2.1,4.7,2,2.4,8.5,5.8,27.8,7.2,8.4,11.6,7.1,4.9,1,
08-03-2006,7,1.9,1.6,0.9,4.7,3,2,23.2,1.6,12.7,11.3,10.4,8.3,5.2,
09-03-2006,3.3,1.8,4.5,2.5,9.9,3.1,1.9,26.5,2.1,5.3,9.8,9.2,8.3,7.4,
10-03-2006,2.9,1.8,4.3,1.9,6.1,3.7,2.1,22.8,7.6,3.9,9.7,7.7,12.4,4.7,
11-03-2006,,,,,,,,,1.3,7.7,12.3,3.2,7.4,5.9,
12-03-2006,17.3,1.7,4.8,2.3,5.5,12.4,2,9.5,1.3,9.4,11.3,7.8,3.3,3.1,
13-03-2006,15.8,2.9,6.2,2.1,2.4,11,1.8,11.1,1.4,18.9,17,5.5,6.9,7.1,
14-03-2006,,,,,,,,,5.2,11.7,11.3,4.5,6.6,4.4,
15-03-2006,5.8,3.2,2.3,3.3,1.2,11.2,1.4,5.8,1.8,10.4,7.6,9.6,5.3,4.9,
16-03-2006,3.8,3,6,3.4,5.2,12.7,1.8,9.4,1.9,30.3,11.6,9.5,11.9,8.1,
17-03-2006,5.8,2.4,4.2,3.7,6.5,14.8,1.3,13.5,1.4,24.4,10,8.9,8.6,7.1,
18-03-2006,,,,,,,,,1.8,8.5,12.4,5.1,11.8,4.8,
19-03-2006,9.8,1.3,3.8,2.9,9.6,4,1.4,6.6,6.4,7.6,16.5,5.9,5.7,2.7,
20-03-2006,4.5,1.7,4.3,0.9,10.4,4.4,1.3,8.3,6.8,7.8,14.9,6.2,6,3.7,
21-03-2006,3.2,3,2.8,1,15,6,1.3,12.1,5.1,6,11.4,9,5.2,6.5,
22-03-2006,3.6,2.3,2.4,4,18,4.7,3.2,15.3,6.9,13.1,11.6,9.8,11.6,6.9,
23-03-2006,2.4,2.1,2.4,3.3,18.4,2.5,1.9,13,3.3,10.1,15.1,6.3,10.4,8.5,
24-03-2006,4.1,2.4,5.6,1.1,27.8,3.4,1.4,15.7,2.8,9.8,14.9,5.8,5.3,5.1,
25-03-2006,,,,,,,,,2.5,11.8,14.4,9,8.3,4.9,
26-03-2006,2.3,2.3,5.4,4,29.8,5.2,1.2,18.6,7.7,8.7,16.5,9.6,9.8,7.3,
27-03-2006,3.5,3.2,3.8,3.8,25.5,6.5,1.5,11.1,4,7.5,17.1,10.9,14.2,12.6,
28-03-2006,2.9,3.2,3.2,2.3,20,7.5,1.3,7.4,3.3,8.3,14.4,11.4,8.7,5.1,
29-03-2006,2.9,2.3,3.6,1.1,19,8.6,1.8,14.1,2.2,6.8,12.7,8.3,11.6,9.9,
30-03-2006,3,5.4,4.1,3.3,12.4,9.5,2,17.1,2.8,17.6,15.6,8.4,13.1,7.9,
31-03-2006,4.1,3.6,2.7,3,12.5,15.8,1.6,20.5,2.4,13.4,17.2,11.1,,3.9,
01-04-2006,,,,,,,,,2.8,19.1,15.6,9.9,16.2,9.2,
02-04-2006,8.6,1.9,4.2,2.5,7.6,4.5,1.2,11.8,3.3,7.9,12.2,12.2,13.2,13.2,
03-04-2006,11.7,2.9,4.3,3.3,1.4,16.2,17.7,21,9,19.3,11.8,12.8,14.5,14,
04-04-2006,5.6,2.8,3.5,4,5.7,1.7,,24.8,13.6,17.4,10.3,8.6,12.2,11.5,
05-04-2006,10.3,2.4,6.2,2.7,9,3,2.2,9.8,20.9,10.7,11.1,10.3,9.9,11.3,
06-04-2006,1.3,2.4,12.7,3.8,7.5,2.6,2.2,13.9,7.3,13,9.1,10.8,10.9,10.8,
07-04-2006,2.7,2.7,8,4,13.8,2.7,0.9,16,2.4,7.2,9.1,8.1,12.5,12.2,
08-04-2006,,,,,,,,,2,10.7,7.3,6.6,13.6,10.2,
09-04-2006,4.3,2.3,4,,1.2,2.4,1.5,13.4,3.3,19.4,7,4.6,6.3,6.5,
10-04-2006,1.6,2.6,7,3.2,3.6,2.9,1.2,11.3,2.8,9.3,10.5,7.2,6.2,7.4,
11-04-2006,3.9,2.7,3.1,5.5,3.1,2.5,2.7,9.7,2.6,9.6,10.6,6,6.3,8.2,
12-04-2006,4.6,1.9,3.8,4,5.9,2.1,1.7,3,2.5,10.9,10.9,5.6,7.1,8.5,
13-04-2006,2.2,2.1,3.2,4,2.5,2.8,1.5,12.6,1.5,11.1,6.9,3,5.8,6.5,
14-04-2006,1.7,2.8,3.8,,2.1,2.7,0.9,13.9,2.3,22,8,3.2,1.8,2.9,
15-04-2006,,,,,,,,,3.5,10,7.5,1.8,4.6,5.5,
16-04-2006,1.7,2.5,4,3.1,1.4,2.5,2.2,8.8,2.4,6.1,8,2.9,2.1,2.3,
17-04-2006,3.7,2.1,3.6,3.6,1.8,2.6,1.5,11.7,1.3,3.7,8.6,3.1,2.8,3.4,
18-04-2006,5.5,2.5,3.5,3,1.2,3.5,1.2,3.1,3.8,6.1,9,4.8,4,1.6,
19-04-2006,3.2,3.4,4.3,2.5,1.1,7.3,0.9,8.9,7.3,8.1,9.4,5,3.1,1,
20-04-2006,2.2,3.3,2.9,1.9,1.8,1.9,1.2,1.4,1.4,3,7.4,4,4.7,4.5,
21-04-2006,1.7,2.4,3.1,2.4,1.3,1.4,1.1,5,1.6,9.3,4.5,3.2,2.9,1.4,
22-04-2006,,,,,,,,,2.1,12.9,8.9,3,2.3,1.4,
23-04-2006,2.4,2.4,3.7,4.5,0.9,4.1,1.1,2.3,1.9,9,9.3,2,2.6,0.7,
24-04-2006,1.8,2.9,4.8,5.6,0.6,2.2,1.3,2.8,1.9,12.7,6.4,2.4,1.2,0.1,
25-04-2006,8.8,2.3,6,1.1,1.1,2.3,1,0.9,2.1,8.6,7.8,2.4,4,0.1,
26-04-2006,7.2,2.4,3.4,4.5,3.1,2.3,1.4,1,2.3,16.6,8.4,2.4,2.2,2.2,
27-04-2006,1.7,2.1,2.3,1.1,2.1,6,0.8,2.1,2,10,7.5,2.8,2.1,0.2,
26-08-2006,,,,,,,,,3.1,6.5,8.8,5.5,3.7,1.9,
27-08-2006,9.1,2.4,2,3.1,5.8,2.5,0.7,5.3,3.1,5.9,16,4.5,7.2,3.9,
28-08-2006,3.7,2.7,0.8,4,2.4,4.5,0.7,3.3,2.7,4.9,7.7,3.4,3.6,1,
29-08-2006,3.3,2.2,1.5,3.2,2.5,9.5,0.9,1.2,2.6,5.1,11,5.6,5.1,3.1,
30-08-2006,6.6,2,1.5,4.6,2.8,1,0.8,1.8,3.4,4.2,10.3,5.2,5.5,4.5,
01-06-2004,4.1,1.9,3,3.7,15,1,2.7,9,1.9,3,4.5,2.5,2.5,0.5,
02-06-2004,3.8,1.8,2.7,3.9,6.5,2.5,12,12.6,1.8,3.8,5.1,2.5,1.9,0.2,
03-06-2004,5.4,1.5,2.3,3.5,16.5,1.3,7.3,,3.7,,7.2,2.5,1.7,2.1,
04-06-2004,4.1,2.6,3.6,2.1,2.6,1,1.6,7.6,1.7,3.4,5,2.9,3,0.8,
06-06-2004,2.9,1.5,2,3.5,7.5,0.9,1.7,6.3,2.3,2.5,3.9,2.5,3.4,2.8,
07-06-2004,3.3,1.9,2.6,4,12.4,2,1.1,5,1.5,2.3,2.7,3,1.8,0.1,
08-06-2004,3.6,2.3,3.4,3.1,2.3,1.1,1.4,6.4,2.1,2.9,5.8,1.7,2.2,1.4,
09-06-2004,2.7,2,2,2,16.8,1,1.8,5.9,1.9,2.5,6.4,2,1.6,0.5,
10-06-2004,3.4,2,3,0.9,5.9,1.1,1.7,11.7,2,2.5,4,2.7,1.6,1.3,
11-06-2004,3.5,2.1,2.5,1.3,8.4,3.5,2,16.8,2.2,2.5,8.4,2.1,2,1.3,
13-06-2004,3.2,2.3,3,1.8,0.7,1.7,1.7,8.4,2.2,3.3,4.4,2.2,2.4,0.8,
14-06-2004,3.3,1.8,2.7,1,7,3,1.2,8.7,1.8,3.7,4.4,2.1,1.3,0.3,
15-06-2004,4.4,2.3,2.4,1.1,16.4,2.5,1.2,4.3,1.6,3,5,2.7,1.5,,
16-06-2004,3.2,1.7,1.6,1,5.3,,1.6,7.5,1.7,6.5,6.2,2.3,1.4,1.9,
17-06-2004,3.2,1.3,2.6,0.4,5.1,2.2,4.4,7.7,1.5,4.1,4.7,2.5,1.2,,
18-06-2004,5.1,1.7,3.2,1.7,4.3,6.4,1.1,11.2,2.1,3,4.6,1.8,2.2,,
20-06-2004,2.5,2.2,3.3,1,12,7.6,1.4,1.2,2.1,2.7,6.6,2.5,1.92,1.6,
21-06-2004,3.7,2.1,2.6,1,2.5,9.1,2.3,7.3,1.9,2.8,5.2,2.9,1.9,0.9,
22-06-2004,2.5,2,2,1.4,2,8.8,2.3,8.8,1.4,3.4,5.7,2.4,2,1.3,
23-06-2004,5.4,2,3.2,1.4,12.4,0.9,1.9,27.3,2,2.9,4.8,2.6,1.9,,
24-06-2004,4.4,1.8,3.4,2.7,13.1,1,2.6,25.6,1.7,1.8,5.1,3.1,1.9,1.7,
25-06-2004,5.1,2.2,3.3,1.3,10.8,1.2,2.1,20.3,2.1,11,7.1,3,2.6,,
27-06-2004,3.1,1.8,4.3,1.4,10.1,2.4,4.4,11.2,2,10.9,12.3,2.1,2.5,1.2,
28-06-2004,4.9,2.1,4.8,1.2,2.1,4.8,2.2,18.1,2.3,4.4,10.7,2.4,1.5,,
29-06-2004,3.3,2.2,8.7,1.5,7.5,10,9,9.5,2.3,2.5,7.2,5.9,1.9,1.2,
01-07-2004,3.8,1.7,4.3,1.4,0.9,3.7,4,15.8,2.3,5.1,4.4,6.8,4.4,2.6,
02-07-2004,3.4,1.3,4,1.2,2.3,1.9,1.8,8.6,2.4,3.5,4.5,4.3,5.6,3.9,
04-07-2004,3.2,1.7,3,1.6,12.8,4.3,2.7,25.5,2.5,2.8,7.8,2.9,1.8,1.3,
05-07-2004,2.9,2.1,10.1,1.6,19.1,2.3,1.5,16.7,2.4,13.2,15.2,2.3,2,1.5,
06-07-2004,4.5,2,3.1,0.9,9.3,1,2.1,24.4,2.6,7.8,6.8,2.6,1.6,3.1,
07-07-2004,3.1,1.9,2.2,0.7,12.4,3.6,1.8,13.6,3.3,4.5,9.3,5.5,2.2,2.6,
08-07-2004,4.8,1.7,3.4,0.6,8.6,1.4,1.5,8.3,3.2,2.8,13.8,5.5,4.1,4.4,
09-07-2004,3.7,1.5,4,0.8,9.2,0.8,1.6,12.2,2.2,6,7.2,2.3,4.5,5.1,
11-07-2004,3.1,1.9,3,1.2,20,1.2,1.9,17.3,3.2,4.6,8.2,3.6,1.8,1.1,
12-07-2004,3.3,1.9,6.8,1.2,16.8,6.9,2.7,14.6,2.7,5,7.5,2.7,3.4,1.5,
13-07-2004,7.2,1.7,3.2,,11.2,7.5,3.8,9.7,3.5,6.9,6.8,5.8,2.2,2.4,
14-07-2004,3.9,1.8,3.9,0.5,16.1,5.4,2,12,3.5,2.7,9.9,3,5.8,2.8,
15-07-2004,8.5,1.8,2.2,1,16.8,1.6,1.6,3.7,3.5,3.6,8.8,7.8,2.7,1,
16-07-2004,3.7,2.3,2,1.9,7.8,2.2,1.8,3.7,3.5,4,5.5,3.3,3.8,0.4,
18-07-2004,4.1,1.3,4,1.3,3.6,4,3.4,10.2,3.5,3.8,9.7,4.1,7.1,4.1,
19-07-2004,10.9,1.6,22.8,,6.1,2.3,2.6,7.1,4,4,7.4,6.3,4.6,2.8,
20-07-2004,3.2,1.4,14.4,1.5,13.4,2.3,2.6,8.5,4.2,3,7.6,4.6,5.6,5.1,
21-07-2004,3.5,1.8,3.9,1.9,9.6,0.7,4,10,4.4,3.4,9.5,4.4,3.4,2.5,
22-07-2004,7.1,1.4,1.2,1.1,5.2,15.6,1.8,5.2,2.1,6.1,9.1,3.2,3.3,2.7,
23-07-2004,4.3,1.6,2.5,10,4.9,1,2.9,4.9,2.9,3,4.6,4.1,2.1,1.9,
25-07-2004,2.9,1.8,6,1.7,5.7,7.5,7.5,9,2.7,3,5.4,3,3.6,4.6,
26-07-2004,1.6,1.5,2.6,2.1,2.7,7.1,1.6,5.1,2.5,3.5,4.9,3.6,2,0.9,
27-07-2004,3.1,1.5,6.7,1.4,2.5,7.6,1.3,,3.4,4.5,8.8,3.8,3.2,1.3,
31-08-2006,7.7,2,2,2,3.7,2.8,0.9,2.9,3.5,3.5,6.9,4.7,4.4,2.7,
01-09-2006,4.6,1.8,1,0.9,4.5,4.3,0.9,0.9,3.4,5,9.8,3.6,7.9,5.8,
02-09-2006,0,0,0,0,0,0,0,0,2.8,5.2,11.8,4.8,3.4,1.2,
03-09-2006,4.4,2.6,1.6,4.2,3.7,7.5,0.7,6.9,1.9,7.1,10.1,3.8,3.8,1.2,
04-09-2006,4.2,2,0.9,1.6,4.7,7.2,0.6,1.4,4,4.8,12.6,4,3.1,0.6,
05-09-2006,5,1.8,1.8,3.2,3.5,7.4,0.8,3.6,2.4,5.4,13.2,3.5,4.2,3.9,
16-09-2006,,,,,,,,,2.5,4.4,11.2,2.8,1.6,0.2,
17-09-2006,7.7,2,2,,4.8,4.2,10.4,1.7,5.6,8.4,10.7,5.4,1.4,0.1,
18-09-2006,3.8,1.4,2.2,4.3,3.3,2.9,3.9,0.8,6,5.2,8.5,3.7,2.2,1.1,
19-09-2006,7.5,1.6,2.8,2.7,2.1,3.3,3.2,7.6,3.5,3.9,8.8,4.4,2.5,1.4,
20-09-2006,6.4,2.1,2,3.7,3.1,4.5,2.6,4.5,4.1,6.8,9.8,4.3,3.5,1.1,
21-09-2006,7.8,1.4,1.8,2.2,1.1,2.8,4.7,1.3,3.5,9.5,12.1,3.7,3.7,2.8,
22-09-2006,42,1.2,3,4,0.7,5.2,0.8,2.1,5.9,5.8,12.2,4.05,3.2,1,
23-09-2006,,,,,,,,,3.84,4.9,7.7,3.8,5.2,2,
24-09-2006,6.5,2.5,3.5,2.7,6.1,2.2,2.1,,3,4.1,9.7,4.3,2.3,0.3,
